<annotation>
	<folder>Glaucoma Images</folder>
	<filename>glc02.jpg</filename>
	<path>C:\Users\Nisa\Desktop\Glaucoma Images\glc02.jpg</path>
	<source>
		<database>Unknown</database>
	</source>
	<size>
		<width>800</width>
		<height>600</height>
		<depth>3</depth>
	</size>
	<segmented>0</segmented>
	<object>
		<name>Optic Cup</name>
		<pose>Unspecified</pose>
		<truncated>0</truncated>
		<difficult>0</difficult>
		<bndbox>
			<xmin>198</xmin>
			<ymin>250</ymin>
			<xmax>274</xmax>
			<ymax>301</ymax>
		</bndbox>
	</object>
	<object>
		<name>Optic Disc</name>
		<pose>Unspecified</pose>
		<truncated>0</truncated>
		<difficult>0</difficult>
		<bndbox>
			<xmin>172</xmin>
			<ymin>234</ymin>
			<xmax>286</xmax>
			<ymax>322</ymax>
		</bndbox>
	</object>
</annotation>
