<annotation>
	<folder>Glaucoma Images</folder>
	<filename>glc03.jpg</filename>
	<path>C:\Users\Nisa\Desktop\Glaucoma Images\glc03.jpg</path>
	<source>
		<database>Unknown</database>
	</source>
	<size>
		<width>800</width>
		<height>600</height>
		<depth>3</depth>
	</size>
	<segmented>0</segmented>
	<object>
		<name>Optic Cup</name>
		<pose>Unspecified</pose>
		<truncated>0</truncated>
		<difficult>0</difficult>
		<bndbox>
			<xmin>108</xmin>
			<ymin>241</ymin>
			<xmax>186</xmax>
			<ymax>305</ymax>
		</bndbox>
	</object>
	<object>
		<name>Optic Disc</name>
		<pose>Unspecified</pose>
		<truncated>0</truncated>
		<difficult>0</difficult>
		<bndbox>
			<xmin>80</xmin>
			<ymin>225</ymin>
			<xmax>197</xmax>
			<ymax>325</ymax>
		</bndbox>
	</object>
</annotation>
