<annotation>
	<folder>Glaucoma Images</folder>
	<filename>glc08.jpg</filename>
	<path>C:\Users\Nisa\Desktop\Glaucoma Images\glc08.jpg</path>
	<source>
		<database>Unknown</database>
	</source>
	<size>
		<width>800</width>
		<height>600</height>
		<depth>3</depth>
	</size>
	<segmented>0</segmented>
	<object>
		<name>Optic Cup</name>
		<pose>Unspecified</pose>
		<truncated>0</truncated>
		<difficult>0</difficult>
		<bndbox>
			<xmin>118</xmin>
			<ymin>308</ymin>
			<xmax>164</xmax>
			<ymax>357</ymax>
		</bndbox>
	</object>
	<object>
		<name>Optic Disc</name>
		<pose>Unspecified</pose>
		<truncated>0</truncated>
		<difficult>0</difficult>
		<bndbox>
			<xmin>80</xmin>
			<ymin>278</ymin>
			<xmax>188</xmax>
			<ymax>388</ymax>
		</bndbox>
	</object>
</annotation>
