<annotation>
	<folder>Glaucoma Images</folder>
	<filename>glc05.jpg</filename>
	<path>C:\Users\Nisa\Desktop\Glaucoma Images\glc05.jpg</path>
	<source>
		<database>Unknown</database>
	</source>
	<size>
		<width>800</width>
		<height>600</height>
		<depth>3</depth>
	</size>
	<segmented>0</segmented>
	<object>
		<name>Optic Cup</name>
		<pose>Unspecified</pose>
		<truncated>0</truncated>
		<difficult>0</difficult>
		<bndbox>
			<xmin>568</xmin>
			<ymin>278</ymin>
			<xmax>650</xmax>
			<ymax>346</ymax>
		</bndbox>
	</object>
	<object>
		<name>Optic Disc</name>
		<pose>Unspecified</pose>
		<truncated>0</truncated>
		<difficult>0</difficult>
		<bndbox>
			<xmin>569</xmin>
			<ymin>244</ymin>
			<xmax>700</xmax>
			<ymax>369</ymax>
		</bndbox>
	</object>
</annotation>
