<annotation>
	<folder>Glaucoma Images</folder>
	<filename>glc04.jpg</filename>
	<path>C:\Users\Nisa\Desktop\Glaucoma Images\glc04.jpg</path>
	<source>
		<database>Unknown</database>
	</source>
	<size>
		<width>800</width>
		<height>600</height>
		<depth>3</depth>
	</size>
	<segmented>0</segmented>
	<object>
		<name>Optic Cup</name>
		<pose>Unspecified</pose>
		<truncated>0</truncated>
		<difficult>0</difficult>
		<bndbox>
			<xmin>685</xmin>
			<ymin>247</ymin>
			<xmax>744</xmax>
			<ymax>314</ymax>
		</bndbox>
	</object>
	<object>
		<name>Optic Disc</name>
		<pose>Unspecified</pose>
		<truncated>0</truncated>
		<difficult>0</difficult>
		<bndbox>
			<xmin>686</xmin>
			<ymin>245</ymin>
			<xmax>797</xmax>
			<ymax>341</ymax>
		</bndbox>
	</object>
</annotation>
