<annotation>
	<folder>Glaucoma Images</folder>
	<filename>glc06.jpg</filename>
	<path>C:\Users\Nisa\Desktop\Glaucoma Images\glc06.jpg</path>
	<source>
		<database>Unknown</database>
	</source>
	<size>
		<width>800</width>
		<height>600</height>
		<depth>3</depth>
	</size>
	<segmented>0</segmented>
	<object>
		<name>Optic Cup</name>
		<pose>Unspecified</pose>
		<truncated>0</truncated>
		<difficult>0</difficult>
		<bndbox>
			<xmin>168</xmin>
			<ymin>232</ymin>
			<xmax>230</xmax>
			<ymax>291</ymax>
		</bndbox>
	</object>
	<object>
		<name>Optic Disc</name>
		<pose>Unspecified</pose>
		<truncated>0</truncated>
		<difficult>0</difficult>
		<bndbox>
			<xmin>115</xmin>
			<ymin>211</ymin>
			<xmax>230</xmax>
			<ymax>308</ymax>
		</bndbox>
	</object>
</annotation>
