<annotation>
	<folder>Glaucoma Images</folder>
	<filename>glc09.jpg</filename>
	<path>C:\Users\Nisa\Desktop\Glaucoma Images\glc09.jpg</path>
	<source>
		<database>Unknown</database>
	</source>
	<size>
		<width>800</width>
		<height>600</height>
		<depth>3</depth>
	</size>
	<segmented>0</segmented>
	<object>
		<name>Optic Cup</name>
		<pose>Unspecified</pose>
		<truncated>0</truncated>
		<difficult>0</difficult>
		<bndbox>
			<xmin>151</xmin>
			<ymin>313</ymin>
			<xmax>193</xmax>
			<ymax>364</ymax>
		</bndbox>
	</object>
	<object>
		<name>Optic Disc</name>
		<pose>Unspecified</pose>
		<truncated>0</truncated>
		<difficult>0</difficult>
		<bndbox>
			<xmin>119</xmin>
			<ymin>283</ymin>
			<xmax>222</xmax>
			<ymax>403</ymax>
		</bndbox>
	</object>
</annotation>
