<annotation>
	<folder>Glaucoma Images</folder>
	<filename>glc119.jpg</filename>
	<path>C:\Users\Nisa\Desktop\Glaucoma Images\glc119.jpg</path>
	<source>
		<database>Unknown</database>
	</source>
	<size>
		<width>800</width>
		<height>600</height>
		<depth>3</depth>
	</size>
	<segmented>0</segmented>
	<object>
		<name>Optic Cup</name>
		<pose>Unspecified</pose>
		<truncated>0</truncated>
		<difficult>0</difficult>
		<bndbox>
			<xmin>531</xmin>
			<ymin>293</ymin>
			<xmax>561</xmax>
			<ymax>318</ymax>
		</bndbox>
	</object>
	<object>
		<name>Optic Disc</name>
		<pose>Unspecified</pose>
		<truncated>0</truncated>
		<difficult>0</difficult>
		<bndbox>
			<xmin>492</xmin>
			<ymin>263</ymin>
			<xmax>596</xmax>
			<ymax>351</ymax>
		</bndbox>
	</object>
</annotation>
