<annotation>
	<folder>train</folder>
	<filename>glc151.jpg</filename>
	<path>C:\Users\Nisa\Desktop\Glaucoma Images\train\glc151.jpg</path>
	<source>
		<database>Unknown</database>
	</source>
	<size>
		<width>800</width>
		<height>600</height>
		<depth>3</depth>
	</size>
	<segmented>0</segmented>
	<object>
		<name>Optic Cup</name>
		<pose>Unspecified</pose>
		<truncated>0</truncated>
		<difficult>0</difficult>
		<bndbox>
			<xmin>505</xmin>
			<ymin>276</ymin>
			<xmax>571</xmax>
			<ymax>360</ymax>
		</bndbox>
	</object>
	<object>
		<name>Optic Disc</name>
		<pose>Unspecified</pose>
		<truncated>0</truncated>
		<difficult>0</difficult>
		<bndbox>
			<xmin>485</xmin>
			<ymin>258</ymin>
			<xmax>601</xmax>
			<ymax>381</ymax>
		</bndbox>
	</object>
</annotation>
