<annotation>
	<folder>train</folder>
	<filename>glc175.jpg</filename>
	<path>C:\Users\Nisa\Desktop\Glaucoma Images\train\glc175.jpg</path>
	<source>
		<database>Unknown</database>
	</source>
	<size>
		<width>800</width>
		<height>600</height>
		<depth>3</depth>
	</size>
	<segmented>0</segmented>
	<object>
		<name>Optic Cup</name>
		<pose>Unspecified</pose>
		<truncated>0</truncated>
		<difficult>0</difficult>
		<bndbox>
			<xmin>340</xmin>
			<ymin>291</ymin>
			<xmax>420</xmax>
			<ymax>378</ymax>
		</bndbox>
	</object>
	<object>
		<name>Optic Disc</name>
		<pose>Unspecified</pose>
		<truncated>0</truncated>
		<difficult>0</difficult>
		<bndbox>
			<xmin>323</xmin>
			<ymin>265</ymin>
			<xmax>474</xmax>
			<ymax>404</ymax>
		</bndbox>
	</object>
</annotation>
