<annotation>
	<folder>Glaucoma Images</folder>
	<filename>glc12.jpg</filename>
	<path>C:\Users\Nisa\Desktop\Glaucoma Images\glc12.jpg</path>
	<source>
		<database>Unknown</database>
	</source>
	<size>
		<width>800</width>
		<height>600</height>
		<depth>3</depth>
	</size>
	<segmented>0</segmented>
	<object>
		<name>Optic Cup</name>
		<pose>Unspecified</pose>
		<truncated>0</truncated>
		<difficult>0</difficult>
		<bndbox>
			<xmin>139</xmin>
			<ymin>356</ymin>
			<xmax>173</xmax>
			<ymax>397</ymax>
		</bndbox>
	</object>
	<object>
		<name>Optic Disc</name>
		<pose>Unspecified</pose>
		<truncated>0</truncated>
		<difficult>0</difficult>
		<bndbox>
			<xmin>101</xmin>
			<ymin>328</ymin>
			<xmax>201</xmax>
			<ymax>428</ymax>
		</bndbox>
	</object>
</annotation>
