<annotation>
	<folder>train</folder>
	<filename>glc153.jpg</filename>
	<path>C:\Users\Nisa\Desktop\Glaucoma Images\train\glc153.jpg</path>
	<source>
		<database>Unknown</database>
	</source>
	<size>
		<width>800</width>
		<height>600</height>
		<depth>3</depth>
	</size>
	<segmented>0</segmented>
	<object>
		<name>Optic Cup</name>
		<pose>Unspecified</pose>
		<truncated>0</truncated>
		<difficult>0</difficult>
		<bndbox>
			<xmin>207</xmin>
			<ymin>299</ymin>
			<xmax>274</xmax>
			<ymax>391</ymax>
		</bndbox>
	</object>
	<object>
		<name>Optic Disc</name>
		<pose>Unspecified</pose>
		<truncated>0</truncated>
		<difficult>0</difficult>
		<bndbox>
			<xmin>194</xmin>
			<ymin>284</ymin>
			<xmax>313</xmax>
			<ymax>404</ymax>
		</bndbox>
	</object>
</annotation>
