<annotation>
	<folder>Glaucoma Images</folder>
	<filename>glc115.jpg</filename>
	<path>C:\Users\Nisa\Desktop\Glaucoma Images\glc115.jpg</path>
	<source>
		<database>Unknown</database>
	</source>
	<size>
		<width>800</width>
		<height>600</height>
		<depth>3</depth>
	</size>
	<segmented>0</segmented>
	<object>
		<name>Optic Cup</name>
		<pose>Unspecified</pose>
		<truncated>0</truncated>
		<difficult>0</difficult>
		<bndbox>
			<xmin>286</xmin>
			<ymin>199</ymin>
			<xmax>425</xmax>
			<ymax>382</ymax>
		</bndbox>
	</object>
	<object>
		<name>Optic Disc</name>
		<pose>Unspecified</pose>
		<truncated>0</truncated>
		<difficult>0</difficult>
		<bndbox>
			<xmin>245</xmin>
			<ymin>175</ymin>
			<xmax>458</xmax>
			<ymax>419</ymax>
		</bndbox>
	</object>
</annotation>
