<annotation>
	<folder>train</folder>
	<filename>glc189.jpg</filename>
	<path>C:\Users\Nisa\Desktop\Glaucoma Images\train\glc189.jpg</path>
	<source>
		<database>Unknown</database>
	</source>
	<size>
		<width>800</width>
		<height>600</height>
		<depth>3</depth>
	</size>
	<segmented>0</segmented>
	<object>
		<name>Optic Cup</name>
		<pose>Unspecified</pose>
		<truncated>0</truncated>
		<difficult>0</difficult>
		<bndbox>
			<xmin>368</xmin>
			<ymin>209</ymin>
			<xmax>477</xmax>
			<ymax>374</ymax>
		</bndbox>
	</object>
	<object>
		<name>Optic Disc</name>
		<pose>Unspecified</pose>
		<truncated>0</truncated>
		<difficult>0</difficult>
		<bndbox>
			<xmin>302</xmin>
			<ymin>154</ymin>
			<xmax>514</xmax>
			<ymax>425</ymax>
		</bndbox>
	</object>
</annotation>
