<annotation>
	<folder>train</folder>
	<filename>glc135.jpg</filename>
	<path>C:\Users\Nisa\Desktop\Glaucoma Images\train\glc135.jpg</path>
	<source>
		<database>Unknown</database>
	</source>
	<size>
		<width>800</width>
		<height>600</height>
		<depth>3</depth>
	</size>
	<segmented>0</segmented>
	<object>
		<name>Optic Cup</name>
		<pose>Unspecified</pose>
		<truncated>0</truncated>
		<difficult>0</difficult>
		<bndbox>
			<xmin>573</xmin>
			<ymin>220</ymin>
			<xmax>623</xmax>
			<ymax>298</ymax>
		</bndbox>
	</object>
	<object>
		<name>Optic Disc</name>
		<pose>Unspecified</pose>
		<truncated>0</truncated>
		<difficult>0</difficult>
		<bndbox>
			<xmin>573</xmin>
			<ymin>197</ymin>
			<xmax>665</xmax>
			<ymax>304</ymax>
		</bndbox>
	</object>
</annotation>
