<annotation>
	<folder>Glaucoma Images</folder>
	<filename>glc106.jpg</filename>
	<path>C:\Users\Nisa\Desktop\Glaucoma Images\glc106.jpg</path>
	<source>
		<database>Unknown</database>
	</source>
	<size>
		<width>800</width>
		<height>600</height>
		<depth>3</depth>
	</size>
	<segmented>0</segmented>
	<object>
		<name>Optic Cup</name>
		<pose>Unspecified</pose>
		<truncated>0</truncated>
		<difficult>0</difficult>
		<bndbox>
			<xmin>674</xmin>
			<ymin>347</ymin>
			<xmax>697</xmax>
			<ymax>372</ymax>
		</bndbox>
	</object>
	<object>
		<name>Optic Disc</name>
		<pose>Unspecified</pose>
		<truncated>0</truncated>
		<difficult>0</difficult>
		<bndbox>
			<xmin>653</xmin>
			<ymin>312</ymin>
			<xmax>748</xmax>
			<ymax>403</ymax>
		</bndbox>
	</object>
</annotation>
