<annotation>
	<folder>Glaucoma Images</folder>
	<filename>glc120.jpg</filename>
	<path>C:\Users\Nisa\Desktop\Glaucoma Images\glc120.jpg</path>
	<source>
		<database>Unknown</database>
	</source>
	<size>
		<width>800</width>
		<height>600</height>
		<depth>3</depth>
	</size>
	<segmented>0</segmented>
	<object>
		<name>Optic Cup</name>
		<pose>Unspecified</pose>
		<truncated>0</truncated>
		<difficult>0</difficult>
		<bndbox>
			<xmin>365</xmin>
			<ymin>162</ymin>
			<xmax>510</xmax>
			<ymax>377</ymax>
		</bndbox>
	</object>
	<object>
		<name>Optic Disc</name>
		<pose>Unspecified</pose>
		<truncated>0</truncated>
		<difficult>0</difficult>
		<bndbox>
			<xmin>322</xmin>
			<ymin>124</ymin>
			<xmax>554</xmax>
			<ymax>424</ymax>
		</bndbox>
	</object>
</annotation>
