<annotation>
	<folder>train</folder>
	<filename>glc156.jpg</filename>
	<path>C:\Users\Nisa\Desktop\Glaucoma Images\train\glc156.jpg</path>
	<source>
		<database>Unknown</database>
	</source>
	<size>
		<width>800</width>
		<height>600</height>
		<depth>3</depth>
	</size>
	<segmented>0</segmented>
	<object>
		<name>Optic Cup</name>
		<pose>Unspecified</pose>
		<truncated>0</truncated>
		<difficult>0</difficult>
		<bndbox>
			<xmin>329</xmin>
			<ymin>214</ymin>
			<xmax>393</xmax>
			<ymax>294</ymax>
		</bndbox>
	</object>
	<object>
		<name>Optic Disc</name>
		<pose>Unspecified</pose>
		<truncated>0</truncated>
		<difficult>0</difficult>
		<bndbox>
			<xmin>266</xmin>
			<ymin>181</ymin>
			<xmax>446</xmax>
			<ymax>327</ymax>
		</bndbox>
	</object>
</annotation>
