<annotation>
	<folder>train</folder>
	<filename>glc148.jpg</filename>
	<path>C:\Users\Nisa\Desktop\Glaucoma Images\train\glc148.jpg</path>
	<source>
		<database>Unknown</database>
	</source>
	<size>
		<width>800</width>
		<height>600</height>
		<depth>3</depth>
	</size>
	<segmented>0</segmented>
	<object>
		<name>Optic Cup</name>
		<pose>Unspecified</pose>
		<truncated>0</truncated>
		<difficult>0</difficult>
		<bndbox>
			<xmin>269</xmin>
			<ymin>284</ymin>
			<xmax>301</xmax>
			<ymax>317</ymax>
		</bndbox>
	</object>
	<object>
		<name>Optic Disc</name>
		<pose>Unspecified</pose>
		<truncated>0</truncated>
		<difficult>0</difficult>
		<bndbox>
			<xmin>232</xmin>
			<ymin>264</ymin>
			<xmax>313</xmax>
			<ymax>343</ymax>
		</bndbox>
	</object>
</annotation>
