<annotation>
	<folder>Glaucoma Images</folder>
	<filename>glc105.jpg</filename>
	<path>C:\Users\Nisa\Desktop\Glaucoma Images\glc105.jpg</path>
	<source>
		<database>Unknown</database>
	</source>
	<size>
		<width>800</width>
		<height>600</height>
		<depth>3</depth>
	</size>
	<segmented>0</segmented>
	<object>
		<name>Optic Cup</name>
		<pose>Unspecified</pose>
		<truncated>0</truncated>
		<difficult>0</difficult>
		<bndbox>
			<xmin>503</xmin>
			<ymin>279</ymin>
			<xmax>558</xmax>
			<ymax>325</ymax>
		</bndbox>
	</object>
	<object>
		<name>Optic Disc</name>
		<pose>Unspecified</pose>
		<truncated>0</truncated>
		<difficult>0</difficult>
		<bndbox>
			<xmin>494</xmin>
			<ymin>254</ymin>
			<xmax>595</xmax>
			<ymax>359</ymax>
		</bndbox>
	</object>
</annotation>
