<annotation>
	<folder>Glaucoma Images</folder>
	<filename>glc107.jpg</filename>
	<path>C:\Users\Nisa\Desktop\Glaucoma Images\glc107.jpg</path>
	<source>
		<database>Unknown</database>
	</source>
	<size>
		<width>800</width>
		<height>600</height>
		<depth>3</depth>
	</size>
	<segmented>0</segmented>
	<object>
		<name>Optic Cup</name>
		<pose>Unspecified</pose>
		<truncated>0</truncated>
		<difficult>0</difficult>
		<bndbox>
			<xmin>249</xmin>
			<ymin>174</ymin>
			<xmax>478</xmax>
			<ymax>382</ymax>
		</bndbox>
	</object>
	<object>
		<name>Optic Disc</name>
		<pose>Unspecified</pose>
		<truncated>0</truncated>
		<difficult>0</difficult>
		<bndbox>
			<xmin>205</xmin>
			<ymin>132</ymin>
			<xmax>569</xmax>
			<ymax>416</ymax>
		</bndbox>
	</object>
</annotation>
