<annotation>
	<folder>train</folder>
	<filename>glc159.jpg</filename>
	<path>C:\Users\Nisa\Desktop\Glaucoma Images\train\glc159.jpg</path>
	<source>
		<database>Unknown</database>
	</source>
	<size>
		<width>800</width>
		<height>600</height>
		<depth>3</depth>
	</size>
	<segmented>0</segmented>
	<object>
		<name>Optic Cup</name>
		<pose>Unspecified</pose>
		<truncated>0</truncated>
		<difficult>0</difficult>
		<bndbox>
			<xmin>248</xmin>
			<ymin>134</ymin>
			<xmax>483</xmax>
			<ymax>466</ymax>
		</bndbox>
	</object>
	<object>
		<name>Optic Disc</name>
		<pose>Unspecified</pose>
		<truncated>0</truncated>
		<difficult>0</difficult>
		<bndbox>
			<xmin>213</xmin>
			<ymin>90</ymin>
			<xmax>562</xmax>
			<ymax>506</ymax>
		</bndbox>
	</object>
</annotation>
