<annotation>
	<folder>train</folder>
	<filename>glc179.jpg</filename>
	<path>C:\Users\Nisa\Desktop\Glaucoma Images\train\glc179.jpg</path>
	<source>
		<database>Unknown</database>
	</source>
	<size>
		<width>800</width>
		<height>600</height>
		<depth>3</depth>
	</size>
	<segmented>0</segmented>
	<object>
		<name>Optic Cup</name>
		<pose>Unspecified</pose>
		<truncated>0</truncated>
		<difficult>0</difficult>
		<bndbox>
			<xmin>169</xmin>
			<ymin>270</ymin>
			<xmax>211</xmax>
			<ymax>309</ymax>
		</bndbox>
	</object>
	<object>
		<name>Optic Disc</name>
		<pose>Unspecified</pose>
		<truncated>0</truncated>
		<difficult>0</difficult>
		<bndbox>
			<xmin>133</xmin>
			<ymin>235</ymin>
			<xmax>235</xmax>
			<ymax>338</ymax>
		</bndbox>
	</object>
</annotation>
