<annotation>
	<folder>Glaucoma Images</folder>
	<filename>glc122.jpg</filename>
	<path>C:\Users\Nisa\Desktop\Glaucoma Images\glc122.jpg</path>
	<source>
		<database>Unknown</database>
	</source>
	<size>
		<width>800</width>
		<height>600</height>
		<depth>3</depth>
	</size>
	<segmented>0</segmented>
	<object>
		<name>Optic Cup</name>
		<pose>Unspecified</pose>
		<truncated>0</truncated>
		<difficult>0</difficult>
		<bndbox>
			<xmin>694</xmin>
			<ymin>246</ymin>
			<xmax>727</xmax>
			<ymax>289</ymax>
		</bndbox>
	</object>
	<object>
		<name>Optic Disc</name>
		<pose>Unspecified</pose>
		<truncated>0</truncated>
		<difficult>0</difficult>
		<bndbox>
			<xmin>675</xmin>
			<ymin>204</ymin>
			<xmax>727</xmax>
			<ymax>331</ymax>
		</bndbox>
	</object>
</annotation>
