<annotation>
	<folder>train</folder>
	<filename>glc194.jpg</filename>
	<path>C:\Users\Nisa\Desktop\Glaucoma Images\train\glc194.jpg</path>
	<source>
		<database>Unknown</database>
	</source>
	<size>
		<width>800</width>
		<height>600</height>
		<depth>3</depth>
	</size>
	<segmented>0</segmented>
	<object>
		<name>Optic Cup</name>
		<pose>Unspecified</pose>
		<truncated>0</truncated>
		<difficult>0</difficult>
		<bndbox>
			<xmin>348</xmin>
			<ymin>178</ymin>
			<xmax>479</xmax>
			<ymax>369</ymax>
		</bndbox>
	</object>
	<object>
		<name>Optic Disc</name>
		<pose>Unspecified</pose>
		<truncated>0</truncated>
		<difficult>0</difficult>
		<bndbox>
			<xmin>290</xmin>
			<ymin>141</ymin>
			<xmax>515</xmax>
			<ymax>402</ymax>
		</bndbox>
	</object>
</annotation>
