<annotation>
	<folder>Glaucoma Images</folder>
	<filename>glc118.jpg</filename>
	<path>C:\Users\Nisa\Desktop\Glaucoma Images\glc118.jpg</path>
	<source>
		<database>Unknown</database>
	</source>
	<size>
		<width>800</width>
		<height>600</height>
		<depth>3</depth>
	</size>
	<segmented>0</segmented>
	<object>
		<name>Optic Cup</name>
		<pose>Unspecified</pose>
		<truncated>0</truncated>
		<difficult>0</difficult>
		<bndbox>
			<xmin>552</xmin>
			<ymin>272</ymin>
			<xmax>608</xmax>
			<ymax>338</ymax>
		</bndbox>
	</object>
	<object>
		<name>Optic Disc</name>
		<pose>Unspecified</pose>
		<truncated>0</truncated>
		<difficult>0</difficult>
		<bndbox>
			<xmin>540</xmin>
			<ymin>256</ymin>
			<xmax>644</xmax>
			<ymax>351</ymax>
		</bndbox>
	</object>
</annotation>
