<annotation>
	<folder>Glaucoma Images</folder>
	<filename>glc116.jpg</filename>
	<path>C:\Users\Nisa\Desktop\Glaucoma Images\glc116.jpg</path>
	<source>
		<database>Unknown</database>
	</source>
	<size>
		<width>800</width>
		<height>600</height>
		<depth>3</depth>
	</size>
	<segmented>0</segmented>
	<object>
		<name>Optic Cup</name>
		<pose>Unspecified</pose>
		<truncated>0</truncated>
		<difficult>0</difficult>
		<bndbox>
			<xmin>555</xmin>
			<ymin>264</ymin>
			<xmax>611</xmax>
			<ymax>342</ymax>
		</bndbox>
	</object>
	<object>
		<name>Optic Disc</name>
		<pose>Unspecified</pose>
		<truncated>0</truncated>
		<difficult>0</difficult>
		<bndbox>
			<xmin>545</xmin>
			<ymin>259</ymin>
			<xmax>644</xmax>
			<ymax>359</ymax>
		</bndbox>
	</object>
</annotation>
