<annotation>
	<folder>train</folder>
	<filename>glc158.jpg</filename>
	<path>C:\Users\Nisa\Desktop\Glaucoma Images\train\glc158.jpg</path>
	<source>
		<database>Unknown</database>
	</source>
	<size>
		<width>800</width>
		<height>600</height>
		<depth>3</depth>
	</size>
	<segmented>0</segmented>
	<object>
		<name>Optic Cup</name>
		<pose>Unspecified</pose>
		<truncated>0</truncated>
		<difficult>0</difficult>
		<bndbox>
			<xmin>245</xmin>
			<ymin>143</ymin>
			<xmax>490</xmax>
			<ymax>499</ymax>
		</bndbox>
	</object>
	<object>
		<name>Optic Disc</name>
		<pose>Unspecified</pose>
		<truncated>0</truncated>
		<difficult>0</difficult>
		<bndbox>
			<xmin>206</xmin>
			<ymin>97</ymin>
			<xmax>563</xmax>
			<ymax>519</ymax>
		</bndbox>
	</object>
</annotation>
