<annotation>
	<folder>Glaucoma Images</folder>
	<filename>glc124.jpg</filename>
	<path>C:\Users\Nisa\Desktop\Glaucoma Images\glc124.jpg</path>
	<source>
		<database>Unknown</database>
	</source>
	<size>
		<width>800</width>
		<height>600</height>
		<depth>3</depth>
	</size>
	<segmented>0</segmented>
	<object>
		<name>Optic Cup</name>
		<pose>Unspecified</pose>
		<truncated>0</truncated>
		<difficult>0</difficult>
		<bndbox>
			<xmin>271</xmin>
			<ymin>239</ymin>
			<xmax>437</xmax>
			<ymax>400</ymax>
		</bndbox>
	</object>
	<object>
		<name>Optic Disc</name>
		<pose>Unspecified</pose>
		<truncated>0</truncated>
		<difficult>0</difficult>
		<bndbox>
			<xmin>242</xmin>
			<ymin>199</ymin>
			<xmax>472</xmax>
			<ymax>452</ymax>
		</bndbox>
	</object>
</annotation>
