<annotation>
	<folder>train</folder>
	<filename>glc177.jpg</filename>
	<path>C:\Users\Nisa\Desktop\Glaucoma Images\train\glc177.jpg</path>
	<source>
		<database>Unknown</database>
	</source>
	<size>
		<width>800</width>
		<height>600</height>
		<depth>3</depth>
	</size>
	<segmented>0</segmented>
	<object>
		<name>Optic Cup</name>
		<pose>Unspecified</pose>
		<truncated>0</truncated>
		<difficult>0</difficult>
		<bndbox>
			<xmin>285</xmin>
			<ymin>274</ymin>
			<xmax>398</xmax>
			<ymax>370</ymax>
		</bndbox>
	</object>
	<object>
		<name>Optic Disc</name>
		<pose>Unspecified</pose>
		<truncated>0</truncated>
		<difficult>0</difficult>
		<bndbox>
			<xmin>263</xmin>
			<ymin>252</ymin>
			<xmax>421</xmax>
			<ymax>394</ymax>
		</bndbox>
	</object>
</annotation>
