<annotation>
	<folder>train</folder>
	<filename>glc191.jpg</filename>
	<path>C:\Users\Nisa\Desktop\Glaucoma Images\train\glc191.jpg</path>
	<source>
		<database>Unknown</database>
	</source>
	<size>
		<width>800</width>
		<height>600</height>
		<depth>3</depth>
	</size>
	<segmented>0</segmented>
	<object>
		<name>Optic Cup</name>
		<pose>Unspecified</pose>
		<truncated>0</truncated>
		<difficult>0</difficult>
		<bndbox>
			<xmin>324</xmin>
			<ymin>241</ymin>
			<xmax>435</xmax>
			<ymax>333</ymax>
		</bndbox>
	</object>
	<object>
		<name>Optic Disc</name>
		<pose>Unspecified</pose>
		<truncated>0</truncated>
		<difficult>0</difficult>
		<bndbox>
			<xmin>309</xmin>
			<ymin>222</ymin>
			<xmax>464</xmax>
			<ymax>368</ymax>
		</bndbox>
	</object>
</annotation>
