<annotation>
	<folder>train</folder>
	<filename>glc193.jpg</filename>
	<path>C:\Users\Nisa\Desktop\Glaucoma Images\train\glc193.jpg</path>
	<source>
		<database>Unknown</database>
	</source>
	<size>
		<width>800</width>
		<height>600</height>
		<depth>3</depth>
	</size>
	<segmented>0</segmented>
	<object>
		<name>Optic Cup</name>
		<pose>Unspecified</pose>
		<truncated>0</truncated>
		<difficult>0</difficult>
		<bndbox>
			<xmin>240</xmin>
			<ymin>229</ymin>
			<xmax>301</xmax>
			<ymax>286</ymax>
		</bndbox>
	</object>
	<object>
		<name>Optic Disc</name>
		<pose>Unspecified</pose>
		<truncated>0</truncated>
		<difficult>0</difficult>
		<bndbox>
			<xmin>166</xmin>
			<ymin>159</ymin>
			<xmax>354</xmax>
			<ymax>361</ymax>
		</bndbox>
	</object>
</annotation>
