<annotation>
	<folder>Glaucoma Images</folder>
	<filename>glc112.jpg</filename>
	<path>C:\Users\Nisa\Desktop\Glaucoma Images\glc112.jpg</path>
	<source>
		<database>Unknown</database>
	</source>
	<size>
		<width>800</width>
		<height>600</height>
		<depth>3</depth>
	</size>
	<segmented>0</segmented>
	<object>
		<name>Optic Cup</name>
		<pose>Unspecified</pose>
		<truncated>0</truncated>
		<difficult>0</difficult>
		<bndbox>
			<xmin>359</xmin>
			<ymin>205</ymin>
			<xmax>474</xmax>
			<ymax>370</ymax>
		</bndbox>
	</object>
	<object>
		<name>Optic Disc</name>
		<pose>Unspecified</pose>
		<truncated>0</truncated>
		<difficult>0</difficult>
		<bndbox>
			<xmin>305</xmin>
			<ymin>154</ymin>
			<xmax>515</xmax>
			<ymax>428</ymax>
		</bndbox>
	</object>
</annotation>
