<annotation>
	<folder>train</folder>
	<filename>glc142.jpg</filename>
	<path>C:\Users\Nisa\Desktop\Glaucoma Images\train\glc142.jpg</path>
	<source>
		<database>Unknown</database>
	</source>
	<size>
		<width>800</width>
		<height>600</height>
		<depth>3</depth>
	</size>
	<segmented>0</segmented>
	<object>
		<name>Optic Cup</name>
		<pose>Unspecified</pose>
		<truncated>0</truncated>
		<difficult>0</difficult>
		<bndbox>
			<xmin>210</xmin>
			<ymin>203</ymin>
			<xmax>318</xmax>
			<ymax>310</ymax>
		</bndbox>
	</object>
	<object>
		<name>Optic Disc</name>
		<pose>Unspecified</pose>
		<truncated>0</truncated>
		<difficult>0</difficult>
		<bndbox>
			<xmin>107</xmin>
			<ymin>163</ymin>
			<xmax>375</xmax>
			<ymax>333</ymax>
		</bndbox>
	</object>
</annotation>
