<annotation>
	<folder>train</folder>
	<filename>glc141.jpg</filename>
	<path>C:\Users\Nisa\Desktop\Glaucoma Images\train\glc141.jpg</path>
	<source>
		<database>Unknown</database>
	</source>
	<size>
		<width>800</width>
		<height>600</height>
		<depth>3</depth>
	</size>
	<segmented>0</segmented>
	<object>
		<name>Optic Cup</name>
		<pose>Unspecified</pose>
		<truncated>0</truncated>
		<difficult>0</difficult>
		<bndbox>
			<xmin>549</xmin>
			<ymin>268</ymin>
			<xmax>615</xmax>
			<ymax>345</ymax>
		</bndbox>
	</object>
	<object>
		<name>Optic Disc</name>
		<pose>Unspecified</pose>
		<truncated>0</truncated>
		<difficult>0</difficult>
		<bndbox>
			<xmin>545</xmin>
			<ymin>250</ymin>
			<xmax>651</xmax>
			<ymax>354</ymax>
		</bndbox>
	</object>
</annotation>
