<annotation>
	<folder>train</folder>
	<filename>glc185.jpg</filename>
	<path>C:\Users\Nisa\Desktop\Glaucoma Images\train\glc185.jpg</path>
	<source>
		<database>Unknown</database>
	</source>
	<size>
		<width>800</width>
		<height>600</height>
		<depth>3</depth>
	</size>
	<segmented>0</segmented>
	<object>
		<name>Optic Cup</name>
		<pose>Unspecified</pose>
		<truncated>0</truncated>
		<difficult>0</difficult>
		<bndbox>
			<xmin>248</xmin>
			<ymin>206</ymin>
			<xmax>292</xmax>
			<ymax>297</ymax>
		</bndbox>
	</object>
	<object>
		<name>Optic Disc</name>
		<pose>Unspecified</pose>
		<truncated>0</truncated>
		<difficult>0</difficult>
		<bndbox>
			<xmin>195</xmin>
			<ymin>205</ymin>
			<xmax>252</xmax>
			<ymax>310</ymax>
		</bndbox>
	</object>
</annotation>
