<annotation>
	<folder>Glaucoma Images</folder>
	<filename>glc125.jpg</filename>
	<path>C:\Users\Nisa\Desktop\Glaucoma Images\glc125.jpg</path>
	<source>
		<database>Unknown</database>
	</source>
	<size>
		<width>800</width>
		<height>600</height>
		<depth>3</depth>
	</size>
	<segmented>0</segmented>
	<object>
		<name>Optic Cup</name>
		<pose>Unspecified</pose>
		<truncated>0</truncated>
		<difficult>0</difficult>
		<bndbox>
			<xmin>172</xmin>
			<ymin>271</ymin>
			<xmax>218</xmax>
			<ymax>316</ymax>
		</bndbox>
	</object>
	<object>
		<name>Optic Disc</name>
		<pose>Unspecified</pose>
		<truncated>0</truncated>
		<difficult>0</difficult>
		<bndbox>
			<xmin>119</xmin>
			<ymin>239</ymin>
			<xmax>252</xmax>
			<ymax>354</ymax>
		</bndbox>
	</object>
</annotation>
