<annotation>
	<folder>train</folder>
	<filename>glc155.jpg</filename>
	<path>C:\Users\Nisa\Desktop\Glaucoma Images\train\glc155.jpg</path>
	<source>
		<database>Unknown</database>
	</source>
	<size>
		<width>800</width>
		<height>600</height>
		<depth>3</depth>
	</size>
	<segmented>0</segmented>
	<object>
		<name>Optic Cup</name>
		<pose>Unspecified</pose>
		<truncated>0</truncated>
		<difficult>0</difficult>
		<bndbox>
			<xmin>376</xmin>
			<ymin>234</ymin>
			<xmax>434</xmax>
			<ymax>369</ymax>
		</bndbox>
	</object>
	<object>
		<name>Optic Disc</name>
		<pose>Unspecified</pose>
		<truncated>0</truncated>
		<difficult>0</difficult>
		<bndbox>
			<xmin>321</xmin>
			<ymin>235</ymin>
			<xmax>463</xmax>
			<ymax>384</ymax>
		</bndbox>
	</object>
</annotation>
