<annotation>
	<folder>Glaucoma Images</folder>
	<filename>glc108.jpg</filename>
	<path>C:\Users\Nisa\Desktop\Glaucoma Images\glc108.jpg</path>
	<source>
		<database>Unknown</database>
	</source>
	<size>
		<width>800</width>
		<height>600</height>
		<depth>3</depth>
	</size>
	<segmented>0</segmented>
	<object>
		<name>Optic Cup</name>
		<pose>Unspecified</pose>
		<truncated>0</truncated>
		<difficult>0</difficult>
		<bndbox>
			<xmin>525</xmin>
			<ymin>293</ymin>
			<xmax>556</xmax>
			<ymax>320</ymax>
		</bndbox>
	</object>
	<object>
		<name>Optic Disc</name>
		<pose>Unspecified</pose>
		<truncated>0</truncated>
		<difficult>0</difficult>
		<bndbox>
			<xmin>491</xmin>
			<ymin>262</ymin>
			<xmax>595</xmax>
			<ymax>351</ymax>
		</bndbox>
	</object>
</annotation>
