<annotation>
	<folder>train</folder>
	<filename>glc172.jpg</filename>
	<path>C:\Users\Nisa\Desktop\Glaucoma Images\train\glc172.jpg</path>
	<source>
		<database>Unknown</database>
	</source>
	<size>
		<width>800</width>
		<height>600</height>
		<depth>3</depth>
	</size>
	<segmented>0</segmented>
	<object>
		<name>Optic Cup</name>
		<pose>Unspecified</pose>
		<truncated>0</truncated>
		<difficult>0</difficult>
		<bndbox>
			<xmin>253</xmin>
			<ymin>195</ymin>
			<xmax>333</xmax>
			<ymax>280</ymax>
		</bndbox>
	</object>
	<object>
		<name>Optic Disc</name>
		<pose>Unspecified</pose>
		<truncated>0</truncated>
		<difficult>0</difficult>
		<bndbox>
			<xmin>225</xmin>
			<ymin>169</ymin>
			<xmax>352</xmax>
			<ymax>309</ymax>
		</bndbox>
	</object>
</annotation>
