<annotation>
	<folder>train</folder>
	<filename>glc178.jpg</filename>
	<path>C:\Users\Nisa\Desktop\Glaucoma Images\train\glc178.jpg</path>
	<source>
		<database>Unknown</database>
	</source>
	<size>
		<width>800</width>
		<height>600</height>
		<depth>3</depth>
	</size>
	<segmented>0</segmented>
	<object>
		<name>Optic Cup</name>
		<pose>Unspecified</pose>
		<truncated>0</truncated>
		<difficult>0</difficult>
		<bndbox>
			<xmin>237</xmin>
			<ymin>180</ymin>
			<xmax>588</xmax>
			<ymax>470</ymax>
		</bndbox>
	</object>
	<object>
		<name>Optic Disc</name>
		<pose>Unspecified</pose>
		<truncated>0</truncated>
		<difficult>0</difficult>
		<bndbox>
			<xmin>197</xmin>
			<ymin>100</ymin>
			<xmax>625</xmax>
			<ymax>470</ymax>
		</bndbox>
	</object>
</annotation>
