<annotation>
	<folder>train</folder>
	<filename>glc145.jpg</filename>
	<path>C:\Users\Nisa\Desktop\Glaucoma Images\train\glc145.jpg</path>
	<source>
		<database>Unknown</database>
	</source>
	<size>
		<width>800</width>
		<height>600</height>
		<depth>3</depth>
	</size>
	<segmented>0</segmented>
	<object>
		<name>Optic Cup</name>
		<pose>Unspecified</pose>
		<truncated>0</truncated>
		<difficult>0</difficult>
		<bndbox>
			<xmin>334</xmin>
			<ymin>195</ymin>
			<xmax>535</xmax>
			<ymax>401</ymax>
		</bndbox>
	</object>
	<object>
		<name>Optic Disc</name>
		<pose>Unspecified</pose>
		<truncated>0</truncated>
		<difficult>0</difficult>
		<bndbox>
			<xmin>209</xmin>
			<ymin>115</ymin>
			<xmax>609</xmax>
			<ymax>484</ymax>
		</bndbox>
	</object>
</annotation>
