<annotation>
	<folder>train</folder>
	<filename>glc188.jpg</filename>
	<path>C:\Users\Nisa\Desktop\Glaucoma Images\train\glc188.jpg</path>
	<source>
		<database>Unknown</database>
	</source>
	<size>
		<width>800</width>
		<height>600</height>
		<depth>3</depth>
	</size>
	<segmented>0</segmented>
	<object>
		<name>Optic Cup</name>
		<pose>Unspecified</pose>
		<truncated>0</truncated>
		<difficult>0</difficult>
		<bndbox>
			<xmin>358</xmin>
			<ymin>196</ymin>
			<xmax>533</xmax>
			<ymax>408</ymax>
		</bndbox>
	</object>
	<object>
		<name>Optic Disc</name>
		<pose>Unspecified</pose>
		<truncated>0</truncated>
		<difficult>0</difficult>
		<bndbox>
			<xmin>210</xmin>
			<ymin>109</ymin>
			<xmax>654</xmax>
			<ymax>476</ymax>
		</bndbox>
	</object>
</annotation>
