<annotation>
	<folder>train</folder>
	<filename>glc170.jpg</filename>
	<path>C:\Users\Nisa\Desktop\Glaucoma Images\train\glc170.jpg</path>
	<source>
		<database>Unknown</database>
	</source>
	<size>
		<width>800</width>
		<height>600</height>
		<depth>3</depth>
	</size>
	<segmented>0</segmented>
	<object>
		<name>Optic Cup</name>
		<pose>Unspecified</pose>
		<truncated>0</truncated>
		<difficult>0</difficult>
		<bndbox>
			<xmin>276</xmin>
			<ymin>223</ymin>
			<xmax>398</xmax>
			<ymax>348</ymax>
		</bndbox>
	</object>
	<object>
		<name>Optic Disc</name>
		<pose>Unspecified</pose>
		<truncated>0</truncated>
		<difficult>0</difficult>
		<bndbox>
			<xmin>251</xmin>
			<ymin>209</ymin>
			<xmax>454</xmax>
			<ymax>375</ymax>
		</bndbox>
	</object>
</annotation>
