<annotation>
	<folder>train</folder>
	<filename>glc197.jpg</filename>
	<path>C:\Users\Nisa\Desktop\Glaucoma Images\train\glc197.jpg</path>
	<source>
		<database>Unknown</database>
	</source>
	<size>
		<width>800</width>
		<height>600</height>
		<depth>3</depth>
	</size>
	<segmented>0</segmented>
	<object>
		<name>Optic Cup</name>
		<pose>Unspecified</pose>
		<truncated>0</truncated>
		<difficult>0</difficult>
		<bndbox>
			<xmin>304</xmin>
			<ymin>225</ymin>
			<xmax>395</xmax>
			<ymax>334</ymax>
		</bndbox>
	</object>
	<object>
		<name>Optic Disc</name>
		<pose>Unspecified</pose>
		<truncated>0</truncated>
		<difficult>0</difficult>
		<bndbox>
			<xmin>260</xmin>
			<ymin>216</ymin>
			<xmax>398</xmax>
			<ymax>364</ymax>
		</bndbox>
	</object>
</annotation>
