<annotation>
	<folder>train</folder>
	<filename>glc147.jpg</filename>
	<path>C:\Users\Nisa\Desktop\Glaucoma Images\train\glc147.jpg</path>
	<source>
		<database>Unknown</database>
	</source>
	<size>
		<width>800</width>
		<height>600</height>
		<depth>3</depth>
	</size>
	<segmented>0</segmented>
	<object>
		<name>Optic Cup</name>
		<pose>Unspecified</pose>
		<truncated>0</truncated>
		<difficult>0</difficult>
		<bndbox>
			<xmin>331</xmin>
			<ymin>200</ymin>
			<xmax>535</xmax>
			<ymax>405</ymax>
		</bndbox>
	</object>
	<object>
		<name>Optic Disc</name>
		<pose>Unspecified</pose>
		<truncated>0</truncated>
		<difficult>0</difficult>
		<bndbox>
			<xmin>207</xmin>
			<ymin>104</ymin>
			<xmax>605</xmax>
			<ymax>472</ymax>
		</bndbox>
	</object>
</annotation>
