<annotation>
	<folder>Glaucoma Images</folder>
	<filename>glc104.jpg</filename>
	<path>C:\Users\Nisa\Desktop\Glaucoma Images\glc104.jpg</path>
	<source>
		<database>Unknown</database>
	</source>
	<size>
		<width>800</width>
		<height>600</height>
		<depth>3</depth>
	</size>
	<segmented>0</segmented>
	<object>
		<name>Optic Cup</name>
		<pose>Unspecified</pose>
		<truncated>0</truncated>
		<difficult>0</difficult>
		<bndbox>
			<xmin>93</xmin>
			<ymin>320</ymin>
			<xmax>145</xmax>
			<ymax>373</ymax>
		</bndbox>
	</object>
	<object>
		<name>Optic Disc</name>
		<pose>Unspecified</pose>
		<truncated>0</truncated>
		<difficult>0</difficult>
		<bndbox>
			<xmin>57</xmin>
			<ymin>296</ymin>
			<xmax>160</xmax>
			<ymax>401</ymax>
		</bndbox>
	</object>
</annotation>
