<annotation>
	<folder>train</folder>
	<filename>glc150.jpg</filename>
	<path>C:\Users\Nisa\Desktop\Glaucoma Images\train\glc150.jpg</path>
	<source>
		<database>Unknown</database>
	</source>
	<size>
		<width>800</width>
		<height>600</height>
		<depth>3</depth>
	</size>
	<segmented>0</segmented>
	<object>
		<name>Optic Cup</name>
		<pose>Unspecified</pose>
		<truncated>0</truncated>
		<difficult>0</difficult>
		<bndbox>
			<xmin>416</xmin>
			<ymin>247</ymin>
			<xmax>607</xmax>
			<ymax>453</ymax>
		</bndbox>
	</object>
	<object>
		<name>Optic Disc</name>
		<pose>Unspecified</pose>
		<truncated>0</truncated>
		<difficult>0</difficult>
		<bndbox>
			<xmin>376</xmin>
			<ymin>204</ymin>
			<xmax>655</xmax>
			<ymax>495</ymax>
		</bndbox>
	</object>
</annotation>
