<annotation>
	<folder>train</folder>
	<filename>glc160.jpg</filename>
	<path>C:\Users\Nisa\Desktop\Glaucoma Images\train\glc160.jpg</path>
	<source>
		<database>Unknown</database>
	</source>
	<size>
		<width>800</width>
		<height>600</height>
		<depth>3</depth>
	</size>
	<segmented>0</segmented>
	<object>
		<name>Optic Cup</name>
		<pose>Unspecified</pose>
		<truncated>0</truncated>
		<difficult>0</difficult>
		<bndbox>
			<xmin>309</xmin>
			<ymin>189</ymin>
			<xmax>473</xmax>
			<ymax>383</ymax>
		</bndbox>
	</object>
	<object>
		<name>Optic Disc</name>
		<pose>Unspecified</pose>
		<truncated>0</truncated>
		<difficult>0</difficult>
		<bndbox>
			<xmin>203</xmin>
			<ymin>145</ymin>
			<xmax>578</xmax>
			<ymax>427</ymax>
		</bndbox>
	</object>
</annotation>
