<annotation>
	<folder>Glaucoma Images</folder>
	<filename>glc110.jpg</filename>
	<path>C:\Users\Nisa\Desktop\Glaucoma Images\glc110.jpg</path>
	<source>
		<database>Unknown</database>
	</source>
	<size>
		<width>800</width>
		<height>600</height>
		<depth>3</depth>
	</size>
	<segmented>0</segmented>
	<object>
		<name>Optic Cup</name>
		<pose>Unspecified</pose>
		<truncated>0</truncated>
		<difficult>0</difficult>
		<bndbox>
			<xmin>343</xmin>
			<ymin>239</ymin>
			<xmax>420</xmax>
			<ymax>311</ymax>
		</bndbox>
	</object>
	<object>
		<name>Optic Disc</name>
		<pose>Unspecified</pose>
		<truncated>0</truncated>
		<difficult>0</difficult>
		<bndbox>
			<xmin>277</xmin>
			<ymin>182</ymin>
			<xmax>516</xmax>
			<ymax>362</ymax>
		</bndbox>
	</object>
</annotation>
