<annotation>
	<folder>train</folder>
	<filename>glc163.jpg</filename>
	<path>C:\Users\Nisa\Desktop\Glaucoma Images\train\glc163.jpg</path>
	<source>
		<database>Unknown</database>
	</source>
	<size>
		<width>800</width>
		<height>600</height>
		<depth>3</depth>
	</size>
	<segmented>0</segmented>
	<object>
		<name>Optic Cup</name>
		<pose>Unspecified</pose>
		<truncated>0</truncated>
		<difficult>0</difficult>
		<bndbox>
			<xmin>287</xmin>
			<ymin>206</ymin>
			<xmax>440</xmax>
			<ymax>392</ymax>
		</bndbox>
	</object>
	<object>
		<name>Optic Disc</name>
		<pose>Unspecified</pose>
		<truncated>0</truncated>
		<difficult>0</difficult>
		<bndbox>
			<xmin>228</xmin>
			<ymin>167</ymin>
			<xmax>489</xmax>
			<ymax>404</ymax>
		</bndbox>
	</object>
</annotation>
