<annotation>
	<folder>Glaucoma Images</folder>
	<filename>glc113.jpg</filename>
	<path>C:\Users\Nisa\Desktop\Glaucoma Images\glc113.jpg</path>
	<source>
		<database>Unknown</database>
	</source>
	<size>
		<width>800</width>
		<height>600</height>
		<depth>3</depth>
	</size>
	<segmented>0</segmented>
	<object>
		<name>Optic Cup</name>
		<pose>Unspecified</pose>
		<truncated>0</truncated>
		<difficult>0</difficult>
		<bndbox>
			<xmin>470</xmin>
			<ymin>192</ymin>
			<xmax>590</xmax>
			<ymax>315</ymax>
		</bndbox>
	</object>
	<object>
		<name>Optic Disc</name>
		<pose>Unspecified</pose>
		<truncated>0</truncated>
		<difficult>0</difficult>
		<bndbox>
			<xmin>430</xmin>
			<ymin>157</ymin>
			<xmax>624</xmax>
			<ymax>348</ymax>
		</bndbox>
	</object>
</annotation>
