<annotation>
	<folder>Glaucoma Images</folder>
	<filename>glc114.jpg</filename>
	<path>C:\Users\Nisa\Desktop\Glaucoma Images\glc114.jpg</path>
	<source>
		<database>Unknown</database>
	</source>
	<size>
		<width>800</width>
		<height>600</height>
		<depth>3</depth>
	</size>
	<segmented>0</segmented>
	<object>
		<name>Optic Cup</name>
		<pose>Unspecified</pose>
		<truncated>0</truncated>
		<difficult>0</difficult>
		<bndbox>
			<xmin>363</xmin>
			<ymin>211</ymin>
			<xmax>481</xmax>
			<ymax>367</ymax>
		</bndbox>
	</object>
	<object>
		<name>Optic Disc</name>
		<pose>Unspecified</pose>
		<truncated>0</truncated>
		<difficult>0</difficult>
		<bndbox>
			<xmin>306</xmin>
			<ymin>154</ymin>
			<xmax>518</xmax>
			<ymax>427</ymax>
		</bndbox>
	</object>
</annotation>
