<annotation>
	<folder>train</folder>
	<filename>glc132.jpg</filename>
	<path>C:\Users\Nisa\Desktop\Glaucoma Images\train\glc132.jpg</path>
	<source>
		<database>Unknown</database>
	</source>
	<size>
		<width>800</width>
		<height>600</height>
		<depth>3</depth>
	</size>
	<segmented>0</segmented>
	<object>
		<name>Optic Cup</name>
		<pose>Unspecified</pose>
		<truncated>0</truncated>
		<difficult>0</difficult>
		<bndbox>
			<xmin>328</xmin>
			<ymin>211</ymin>
			<xmax>393</xmax>
			<ymax>289</ymax>
		</bndbox>
	</object>
	<object>
		<name>Optic Disc</name>
		<pose>Unspecified</pose>
		<truncated>0</truncated>
		<difficult>0</difficult>
		<bndbox>
			<xmin>286</xmin>
			<ymin>188</ymin>
			<xmax>430</xmax>
			<ymax>309</ymax>
		</bndbox>
	</object>
</annotation>
