<annotation>
	<folder>Glaucoma Images</folder>
	<filename>glc103.jpg</filename>
	<path>C:\Users\Nisa\Desktop\Glaucoma Images\glc103.jpg</path>
	<source>
		<database>Unknown</database>
	</source>
	<size>
		<width>800</width>
		<height>600</height>
		<depth>3</depth>
	</size>
	<segmented>0</segmented>
	<object>
		<name>Optic Cup</name>
		<pose>Unspecified</pose>
		<truncated>0</truncated>
		<difficult>0</difficult>
		<bndbox>
			<xmin>636</xmin>
			<ymin>304</ymin>
			<xmax>677</xmax>
			<ymax>344</ymax>
		</bndbox>
	</object>
	<object>
		<name>Optic Disc</name>
		<pose>Unspecified</pose>
		<truncated>0</truncated>
		<difficult>0</difficult>
		<bndbox>
			<xmin>608</xmin>
			<ymin>274</ymin>
			<xmax>709</xmax>
			<ymax>374</ymax>
		</bndbox>
	</object>
</annotation>
