<annotation>
	<folder>Glaucoma Images</folder>
	<filename>glc101.jpg</filename>
	<path>C:\Users\Nisa\Desktop\Glaucoma Images\glc101.jpg</path>
	<source>
		<database>Unknown</database>
	</source>
	<size>
		<width>800</width>
		<height>600</height>
		<depth>3</depth>
	</size>
	<segmented>0</segmented>
	<object>
		<name>Optic Cup</name>
		<pose>Unspecified</pose>
		<truncated>0</truncated>
		<difficult>0</difficult>
		<bndbox>
			<xmin>161</xmin>
			<ymin>331</ymin>
			<xmax>203</xmax>
			<ymax>377</ymax>
		</bndbox>
	</object>
	<object>
		<name>Optic Disc</name>
		<pose>Unspecified</pose>
		<truncated>0</truncated>
		<difficult>0</difficult>
		<bndbox>
			<xmin>122</xmin>
			<ymin>301</ymin>
			<xmax>231</xmax>
			<ymax>404</ymax>
		</bndbox>
	</object>
</annotation>
