<annotation>
	<folder>Glaucoma Images</folder>
	<filename>glc10.jpg</filename>
	<path>C:\Users\Nisa\Desktop\Glaucoma Images\glc10.jpg</path>
	<source>
		<database>Unknown</database>
	</source>
	<size>
		<width>800</width>
		<height>600</height>
		<depth>3</depth>
	</size>
	<segmented>0</segmented>
	<object>
		<name>Optic Cup</name>
		<pose>Unspecified</pose>
		<truncated>0</truncated>
		<difficult>0</difficult>
		<bndbox>
			<xmin>660</xmin>
			<ymin>337</ymin>
			<xmax>713</xmax>
			<ymax>392</ymax>
		</bndbox>
	</object>
	<object>
		<name>Optic Disc</name>
		<pose>Unspecified</pose>
		<truncated>0</truncated>
		<difficult>0</difficult>
		<bndbox>
			<xmin>627</xmin>
			<ymin>309</ymin>
			<xmax>747</xmax>
			<ymax>417</ymax>
		</bndbox>
	</object>
</annotation>
