<annotation>
	<folder>train</folder>
	<filename>glc129.jpg</filename>
	<path>C:\Users\Nisa\Desktop\Glaucoma Images\train\glc129.jpg</path>
	<source>
		<database>Unknown</database>
	</source>
	<size>
		<width>800</width>
		<height>600</height>
		<depth>3</depth>
	</size>
	<segmented>0</segmented>
	<object>
		<name>Optic Cup</name>
		<pose>Unspecified</pose>
		<truncated>0</truncated>
		<difficult>0</difficult>
		<bndbox>
			<xmin>289</xmin>
			<ymin>221</ymin>
			<xmax>460</xmax>
			<ymax>355</ymax>
		</bndbox>
	</object>
	<object>
		<name>Optic Disc</name>
		<pose>Unspecified</pose>
		<truncated>0</truncated>
		<difficult>0</difficult>
		<bndbox>
			<xmin>176</xmin>
			<ymin>124</ymin>
			<xmax>624</xmax>
			<ymax>473</ymax>
		</bndbox>
	</object>
</annotation>
