<annotation>
	<folder>train</folder>
	<filename>glc139.jpg</filename>
	<path>C:\Users\Nisa\Desktop\Glaucoma Images\train\glc139.jpg</path>
	<source>
		<database>Unknown</database>
	</source>
	<size>
		<width>800</width>
		<height>600</height>
		<depth>3</depth>
	</size>
	<segmented>0</segmented>
	<object>
		<name>Optic Cup</name>
		<pose>Unspecified</pose>
		<truncated>0</truncated>
		<difficult>0</difficult>
		<bndbox>
			<xmin>167</xmin>
			<ymin>297</ymin>
			<xmax>231</xmax>
			<ymax>363</ymax>
		</bndbox>
	</object>
	<object>
		<name>Optic Disc</name>
		<pose>Unspecified</pose>
		<truncated>0</truncated>
		<difficult>0</difficult>
		<bndbox>
			<xmin>129</xmin>
			<ymin>274</ymin>
			<xmax>250</xmax>
			<ymax>376</ymax>
		</bndbox>
	</object>
</annotation>
