<annotation>
	<folder>Glaucoma Images</folder>
	<filename>glc111.jpg</filename>
	<path>C:\Users\Nisa\Desktop\Glaucoma Images\glc111.jpg</path>
	<source>
		<database>Unknown</database>
	</source>
	<size>
		<width>800</width>
		<height>600</height>
		<depth>3</depth>
	</size>
	<segmented>0</segmented>
	<object>
		<name>Optic Cup</name>
		<pose>Unspecified</pose>
		<truncated>0</truncated>
		<difficult>0</difficult>
		<bndbox>
			<xmin>552</xmin>
			<ymin>274</ymin>
			<xmax>594</xmax>
			<ymax>330</ymax>
		</bndbox>
	</object>
	<object>
		<name>Optic Disc</name>
		<pose>Unspecified</pose>
		<truncated>0</truncated>
		<difficult>0</difficult>
		<bndbox>
			<xmin>536</xmin>
			<ymin>250</ymin>
			<xmax>621</xmax>
			<ymax>350</ymax>
		</bndbox>
	</object>
</annotation>
