<annotation>
	<folder>train</folder>
	<filename>glc187.jpg</filename>
	<path>C:\Users\Nisa\Desktop\Glaucoma Images\train\glc187.jpg</path>
	<source>
		<database>Unknown</database>
	</source>
	<size>
		<width>800</width>
		<height>600</height>
		<depth>3</depth>
	</size>
	<segmented>0</segmented>
	<object>
		<name>Optic Cup</name>
		<pose>Unspecified</pose>
		<truncated>0</truncated>
		<difficult>0</difficult>
		<bndbox>
			<xmin>378</xmin>
			<ymin>249</ymin>
			<xmax>479</xmax>
			<ymax>376</ymax>
		</bndbox>
	</object>
	<object>
		<name>Optic Disc</name>
		<pose>Unspecified</pose>
		<truncated>0</truncated>
		<difficult>0</difficult>
		<bndbox>
			<xmin>307</xmin>
			<ymin>206</ymin>
			<xmax>516</xmax>
			<ymax>453</ymax>
		</bndbox>
	</object>
</annotation>
