<annotation>
	<folder>train</folder>
	<filename>glc143.jpg</filename>
	<path>C:\Users\Nisa\Desktop\Glaucoma Images\train\glc143.jpg</path>
	<source>
		<database>Unknown</database>
	</source>
	<size>
		<width>800</width>
		<height>600</height>
		<depth>3</depth>
	</size>
	<segmented>0</segmented>
	<object>
		<name>Optic Cup</name>
		<pose>Unspecified</pose>
		<truncated>0</truncated>
		<difficult>0</difficult>
		<bndbox>
			<xmin>350</xmin>
			<ymin>245</ymin>
			<xmax>441</xmax>
			<ymax>343</ymax>
		</bndbox>
	</object>
	<object>
		<name>Optic Disc</name>
		<pose>Unspecified</pose>
		<truncated>0</truncated>
		<difficult>0</difficult>
		<bndbox>
			<xmin>323</xmin>
			<ymin>214</ymin>
			<xmax>480</xmax>
			<ymax>382</ymax>
		</bndbox>
	</object>
</annotation>
