<annotation>
	<folder>train</folder>
	<filename>glc174.jpg</filename>
	<path>C:\Users\Nisa\Desktop\Glaucoma Images\train\glc174.jpg</path>
	<source>
		<database>Unknown</database>
	</source>
	<size>
		<width>800</width>
		<height>600</height>
		<depth>3</depth>
	</size>
	<segmented>0</segmented>
	<object>
		<name>Optic Cup</name>
		<pose>Unspecified</pose>
		<truncated>0</truncated>
		<difficult>0</difficult>
		<bndbox>
			<xmin>306</xmin>
			<ymin>243</ymin>
			<xmax>438</xmax>
			<ymax>346</ymax>
		</bndbox>
	</object>
	<object>
		<name>Optic Disc</name>
		<pose>Unspecified</pose>
		<truncated>0</truncated>
		<difficult>0</difficult>
		<bndbox>
			<xmin>234</xmin>
			<ymin>147</ymin>
			<xmax>561</xmax>
			<ymax>438</ymax>
		</bndbox>
	</object>
</annotation>
