<annotation>
	<folder>train</folder>
	<filename>glc190.jpg</filename>
	<path>C:\Users\Nisa\Desktop\Glaucoma Images\train\glc190.jpg</path>
	<source>
		<database>Unknown</database>
	</source>
	<size>
		<width>800</width>
		<height>600</height>
		<depth>3</depth>
	</size>
	<segmented>0</segmented>
	<object>
		<name>Optic Cup</name>
		<pose>Unspecified</pose>
		<truncated>0</truncated>
		<difficult>0</difficult>
		<bndbox>
			<xmin>365</xmin>
			<ymin>163</ymin>
			<xmax>466</xmax>
			<ymax>374</ymax>
		</bndbox>
	</object>
	<object>
		<name>Optic Disc</name>
		<pose>Unspecified</pose>
		<truncated>0</truncated>
		<difficult>0</difficult>
		<bndbox>
			<xmin>324</xmin>
			<ymin>112</ymin>
			<xmax>550</xmax>
			<ymax>419</ymax>
		</bndbox>
	</object>
</annotation>
