<annotation>
	<folder>train</folder>
	<filename>glc144.jpg</filename>
	<path>C:\Users\Nisa\Desktop\Glaucoma Images\train\glc144.jpg</path>
	<source>
		<database>Unknown</database>
	</source>
	<size>
		<width>800</width>
		<height>600</height>
		<depth>3</depth>
	</size>
	<segmented>0</segmented>
	<object>
		<name>Optic Cup</name>
		<pose>Unspecified</pose>
		<truncated>0</truncated>
		<difficult>0</difficult>
		<bndbox>
			<xmin>333</xmin>
			<ymin>238</ymin>
			<xmax>463</xmax>
			<ymax>377</ymax>
		</bndbox>
	</object>
	<object>
		<name>Optic Disc</name>
		<pose>Unspecified</pose>
		<truncated>0</truncated>
		<difficult>0</difficult>
		<bndbox>
			<xmin>309</xmin>
			<ymin>196</ymin>
			<xmax>513</xmax>
			<ymax>419</ymax>
		</bndbox>
	</object>
</annotation>
