<annotation>
	<folder>train</folder>
	<filename>glc166.jpg</filename>
	<path>C:\Users\Nisa\Desktop\Glaucoma Images\train\glc166.jpg</path>
	<source>
		<database>Unknown</database>
	</source>
	<size>
		<width>800</width>
		<height>600</height>
		<depth>3</depth>
	</size>
	<segmented>0</segmented>
	<object>
		<name>Optic Cup</name>
		<pose>Unspecified</pose>
		<truncated>0</truncated>
		<difficult>0</difficult>
		<bndbox>
			<xmin>248</xmin>
			<ymin>167</ymin>
			<xmax>533</xmax>
			<ymax>402</ymax>
		</bndbox>
	</object>
	<object>
		<name>Optic Disc</name>
		<pose>Unspecified</pose>
		<truncated>0</truncated>
		<difficult>0</difficult>
		<bndbox>
			<xmin>212</xmin>
			<ymin>143</ymin>
			<xmax>563</xmax>
			<ymax>432</ymax>
		</bndbox>
	</object>
</annotation>
