<annotation>
	<folder>train</folder>
	<filename>glc186.jpg</filename>
	<path>C:\Users\Nisa\Desktop\Glaucoma Images\train\glc186.jpg</path>
	<source>
		<database>Unknown</database>
	</source>
	<size>
		<width>800</width>
		<height>600</height>
		<depth>3</depth>
	</size>
	<segmented>0</segmented>
	<object>
		<name>Optic Cup</name>
		<pose>Unspecified</pose>
		<truncated>0</truncated>
		<difficult>0</difficult>
		<bndbox>
			<xmin>283</xmin>
			<ymin>199</ymin>
			<xmax>426</xmax>
			<ymax>365</ymax>
		</bndbox>
	</object>
	<object>
		<name>Optic Disc</name>
		<pose>Unspecified</pose>
		<truncated>0</truncated>
		<difficult>0</difficult>
		<bndbox>
			<xmin>204</xmin>
			<ymin>125</ymin>
			<xmax>593</xmax>
			<ymax>456</ymax>
		</bndbox>
	</object>
</annotation>
