<annotation>
	<folder>train</folder>
	<filename>glc173.jpg</filename>
	<path>C:\Users\Nisa\Desktop\Glaucoma Images\train\glc173.jpg</path>
	<source>
		<database>Unknown</database>
	</source>
	<size>
		<width>800</width>
		<height>600</height>
		<depth>3</depth>
	</size>
	<segmented>0</segmented>
	<object>
		<name>Optic Cup</name>
		<pose>Unspecified</pose>
		<truncated>0</truncated>
		<difficult>0</difficult>
		<bndbox>
			<xmin>253</xmin>
			<ymin>238</ymin>
			<xmax>306</xmax>
			<ymax>298</ymax>
		</bndbox>
	</object>
	<object>
		<name>Optic Disc</name>
		<pose>Unspecified</pose>
		<truncated>0</truncated>
		<difficult>0</difficult>
		<bndbox>
			<xmin>220</xmin>
			<ymin>206</ymin>
			<xmax>367</xmax>
			<ymax>328</ymax>
		</bndbox>
	</object>
</annotation>
