<annotation>
	<folder>Glaucoma Images</folder>
	<filename>glc123.jpg</filename>
	<path>C:\Users\Nisa\Desktop\Glaucoma Images\glc123.jpg</path>
	<source>
		<database>Unknown</database>
	</source>
	<size>
		<width>800</width>
		<height>600</height>
		<depth>3</depth>
	</size>
	<segmented>0</segmented>
	<object>
		<name>Optic Cup</name>
		<pose>Unspecified</pose>
		<truncated>0</truncated>
		<difficult>0</difficult>
		<bndbox>
			<xmin>327</xmin>
			<ymin>324</ymin>
			<xmax>422</xmax>
			<ymax>402</ymax>
		</bndbox>
	</object>
	<object>
		<name>Optic Disc</name>
		<pose>Unspecified</pose>
		<truncated>0</truncated>
		<difficult>0</difficult>
		<bndbox>
			<xmin>334</xmin>
			<ymin>401</ymin>
			<xmax>417</xmax>
			<ymax>439</ymax>
		</bndbox>
	</object>
</annotation>
