<annotation>
	<folder>Glaucoma Images</folder>
	<filename>glc117.jpg</filename>
	<path>C:\Users\Nisa\Desktop\Glaucoma Images\glc117.jpg</path>
	<source>
		<database>Unknown</database>
	</source>
	<size>
		<width>800</width>
		<height>600</height>
		<depth>3</depth>
	</size>
	<segmented>0</segmented>
	<object>
		<name>Optic Cup</name>
		<pose>Unspecified</pose>
		<truncated>0</truncated>
		<difficult>0</difficult>
		<bndbox>
			<xmin>471</xmin>
			<ymin>195</ymin>
			<xmax>590</xmax>
			<ymax>317</ymax>
		</bndbox>
	</object>
	<object>
		<name>Optic Disc</name>
		<pose>Unspecified</pose>
		<truncated>0</truncated>
		<difficult>0</difficult>
		<bndbox>
			<xmin>427</xmin>
			<ymin>158</ymin>
			<xmax>616</xmax>
			<ymax>343</ymax>
		</bndbox>
	</object>
</annotation>
