<annotation>
	<folder>Glaucoma Images</folder>
	<filename>glc100.jpg</filename>
	<path>C:\Users\Nisa\Desktop\Glaucoma Images\glc100.jpg</path>
	<source>
		<database>Unknown</database>
	</source>
	<size>
		<width>800</width>
		<height>600</height>
		<depth>3</depth>
	</size>
	<segmented>0</segmented>
	<object>
		<name>Optic Cup</name>
		<pose>Unspecified</pose>
		<truncated>0</truncated>
		<difficult>0</difficult>
		<bndbox>
			<xmin>587</xmin>
			<ymin>287</ymin>
			<xmax>618</xmax>
			<ymax>326</ymax>
		</bndbox>
	</object>
	<object>
		<name>Optic Disc</name>
		<pose>Unspecified</pose>
		<truncated>0</truncated>
		<difficult>0</difficult>
		<bndbox>
			<xmin>564</xmin>
			<ymin>254</ymin>
			<xmax>666</xmax>
			<ymax>361</ymax>
		</bndbox>
	</object>
</annotation>
