<annotation>
	<folder>train</folder>
	<filename>glc136.jpg</filename>
	<path>C:\Users\Nisa\Desktop\Glaucoma Images\train\glc136.jpg</path>
	<source>
		<database>Unknown</database>
	</source>
	<size>
		<width>800</width>
		<height>600</height>
		<depth>3</depth>
	</size>
	<segmented>0</segmented>
	<object>
		<name>Optic Cup</name>
		<pose>Unspecified</pose>
		<truncated>0</truncated>
		<difficult>0</difficult>
		<bndbox>
			<xmin>291</xmin>
			<ymin>281</ymin>
			<xmax>317</xmax>
			<ymax>321</ymax>
		</bndbox>
	</object>
	<object>
		<name>Optic Disc</name>
		<pose>Unspecified</pose>
		<truncated>0</truncated>
		<difficult>0</difficult>
		<bndbox>
			<xmin>269</xmin>
			<ymin>272</ymin>
			<xmax>295</xmax>
			<ymax>329</ymax>
		</bndbox>
	</object>
</annotation>
