<annotation>
	<folder>train</folder>
	<filename>glc162.jpg</filename>
	<path>C:\Users\Nisa\Desktop\Glaucoma Images\train\glc162.jpg</path>
	<source>
		<database>Unknown</database>
	</source>
	<size>
		<width>800</width>
		<height>600</height>
		<depth>3</depth>
	</size>
	<segmented>0</segmented>
	<object>
		<name>Optic Cup</name>
		<pose>Unspecified</pose>
		<truncated>0</truncated>
		<difficult>0</difficult>
		<bndbox>
			<xmin>261</xmin>
			<ymin>246</ymin>
			<xmax>384</xmax>
			<ymax>375</ymax>
		</bndbox>
	</object>
	<object>
		<name>Optic Disc</name>
		<pose>Unspecified</pose>
		<truncated>0</truncated>
		<difficult>0</difficult>
		<bndbox>
			<xmin>213</xmin>
			<ymin>171</ymin>
			<xmax>498</xmax>
			<ymax>471</ymax>
		</bndbox>
	</object>
</annotation>
