<annotation>
	<folder>train</folder>
	<filename>glc128.jpg</filename>
	<path>C:\Users\Nisa\Desktop\Glaucoma Images\train\glc128.jpg</path>
	<source>
		<database>Unknown</database>
	</source>
	<size>
		<width>800</width>
		<height>600</height>
		<depth>3</depth>
	</size>
	<segmented>0</segmented>
	<object>
		<name>Optic Cup</name>
		<pose>Unspecified</pose>
		<truncated>0</truncated>
		<difficult>0</difficult>
		<bndbox>
			<xmin>314</xmin>
			<ymin>161</ymin>
			<xmax>623</xmax>
			<ymax>444</ymax>
		</bndbox>
	</object>
	<object>
		<name>Optic Disc</name>
		<pose>Unspecified</pose>
		<truncated>0</truncated>
		<difficult>0</difficult>
		<bndbox>
			<xmin>164</xmin>
			<ymin>110</ymin>
			<xmax>693</xmax>
			<ymax>498</ymax>
		</bndbox>
	</object>
</annotation>
