<annotation>
	<folder>train</folder>
	<filename>glc171.jpg</filename>
	<path>C:\Users\Nisa\Desktop\Glaucoma Images\train\glc171.jpg</path>
	<source>
		<database>Unknown</database>
	</source>
	<size>
		<width>800</width>
		<height>600</height>
		<depth>3</depth>
	</size>
	<segmented>0</segmented>
	<object>
		<name>Optic Cup</name>
		<pose>Unspecified</pose>
		<truncated>0</truncated>
		<difficult>0</difficult>
		<bndbox>
			<xmin>336</xmin>
			<ymin>216</ymin>
			<xmax>452</xmax>
			<ymax>361</ymax>
		</bndbox>
	</object>
	<object>
		<name>Optic Disc</name>
		<pose>Unspecified</pose>
		<truncated>0</truncated>
		<difficult>0</difficult>
		<bndbox>
			<xmin>370</xmin>
			<ymin>236</ymin>
			<xmax>488</xmax>
			<ymax>347</ymax>
		</bndbox>
	</object>
</annotation>
