<annotation>
	<folder>train</folder>
	<filename>glc199.jpg</filename>
	<path>C:\Users\Nisa\Desktop\Glaucoma Images\train\glc199.jpg</path>
	<source>
		<database>Unknown</database>
	</source>
	<size>
		<width>800</width>
		<height>600</height>
		<depth>3</depth>
	</size>
	<segmented>0</segmented>
	<object>
		<name>Optic Cup</name>
		<pose>Unspecified</pose>
		<truncated>0</truncated>
		<difficult>0</difficult>
		<bndbox>
			<xmin>213</xmin>
			<ymin>164</ymin>
			<xmax>477</xmax>
			<ymax>404</ymax>
		</bndbox>
	</object>
	<object>
		<name>Optic Disc</name>
		<pose>Unspecified</pose>
		<truncated>0</truncated>
		<difficult>0</difficult>
		<bndbox>
			<xmin>197</xmin>
			<ymin>133</ymin>
			<xmax>576</xmax>
			<ymax>424</ymax>
		</bndbox>
	</object>
</annotation>
