<annotation>
	<folder>train</folder>
	<filename>glc133.jpg</filename>
	<path>C:\Users\Nisa\Desktop\Glaucoma Images\train\glc133.jpg</path>
	<source>
		<database>Unknown</database>
	</source>
	<size>
		<width>800</width>
		<height>600</height>
		<depth>3</depth>
	</size>
	<segmented>0</segmented>
	<object>
		<name>Optic Cup</name>
		<pose>Unspecified</pose>
		<truncated>0</truncated>
		<difficult>0</difficult>
		<bndbox>
			<xmin>511</xmin>
			<ymin>209</ymin>
			<xmax>573</xmax>
			<ymax>300</ymax>
		</bndbox>
	</object>
	<object>
		<name>Optic Disc</name>
		<pose>Unspecified</pose>
		<truncated>0</truncated>
		<difficult>0</difficult>
		<bndbox>
			<xmin>507</xmin>
			<ymin>184</ymin>
			<xmax>631</xmax>
			<ymax>310</ymax>
		</bndbox>
	</object>
</annotation>
