<annotation>
	<folder>train</folder>
	<filename>glc161.jpg</filename>
	<path>C:\Users\Nisa\Desktop\Glaucoma Images\train\glc161.jpg</path>
	<source>
		<database>Unknown</database>
	</source>
	<size>
		<width>800</width>
		<height>600</height>
		<depth>3</depth>
	</size>
	<segmented>0</segmented>
	<object>
		<name>Optic Cup</name>
		<pose>Unspecified</pose>
		<truncated>0</truncated>
		<difficult>0</difficult>
		<bndbox>
			<xmin>296</xmin>
			<ymin>193</ymin>
			<xmax>448</xmax>
			<ymax>360</ymax>
		</bndbox>
	</object>
	<object>
		<name>Optic Disc</name>
		<pose>Unspecified</pose>
		<truncated>0</truncated>
		<difficult>0</difficult>
		<bndbox>
			<xmin>259</xmin>
			<ymin>106</ymin>
			<xmax>535</xmax>
			<ymax>400</ymax>
		</bndbox>
	</object>
</annotation>
