<annotation>
	<folder>train</folder>
	<filename>glc183.jpg</filename>
	<path>C:\Users\Nisa\Desktop\Glaucoma Images\train\glc183.jpg</path>
	<source>
		<database>Unknown</database>
	</source>
	<size>
		<width>800</width>
		<height>600</height>
		<depth>3</depth>
	</size>
	<segmented>0</segmented>
	<object>
		<name>Optic Cup</name>
		<pose>Unspecified</pose>
		<truncated>0</truncated>
		<difficult>0</difficult>
		<bndbox>
			<xmin>380</xmin>
			<ymin>210</ymin>
			<xmax>473</xmax>
			<ymax>301</ymax>
		</bndbox>
	</object>
	<object>
		<name>Optic Disc</name>
		<pose>Unspecified</pose>
		<truncated>0</truncated>
		<difficult>0</difficult>
		<bndbox>
			<xmin>313</xmin>
			<ymin>168</ymin>
			<xmax>596</xmax>
			<ymax>344</ymax>
		</bndbox>
	</object>
</annotation>
