<annotation>
	<folder>train</folder>
	<filename>glc149.jpg</filename>
	<path>C:\Users\Nisa\Desktop\Glaucoma Images\train\glc149.jpg</path>
	<source>
		<database>Unknown</database>
	</source>
	<size>
		<width>800</width>
		<height>600</height>
		<depth>3</depth>
	</size>
	<segmented>0</segmented>
	<object>
		<name>Optic Cup</name>
		<pose>Unspecified</pose>
		<truncated>0</truncated>
		<difficult>0</difficult>
		<bndbox>
			<xmin>461</xmin>
			<ymin>243</ymin>
			<xmax>493</xmax>
			<ymax>282</ymax>
		</bndbox>
	</object>
	<object>
		<name>Optic Disc</name>
		<pose>Unspecified</pose>
		<truncated>0</truncated>
		<difficult>0</difficult>
		<bndbox>
			<xmin>436</xmin>
			<ymin>198</ymin>
			<xmax>532</xmax>
			<ymax>327</ymax>
		</bndbox>
	</object>
</annotation>
