<annotation>
	<folder>train</folder>
	<filename>glc181.jpg</filename>
	<path>C:\Users\Nisa\Desktop\Glaucoma Images\train\glc181.jpg</path>
	<source>
		<database>Unknown</database>
	</source>
	<size>
		<width>800</width>
		<height>600</height>
		<depth>3</depth>
	</size>
	<segmented>0</segmented>
	<object>
		<name>Optic Cup</name>
		<pose>Unspecified</pose>
		<truncated>0</truncated>
		<difficult>0</difficult>
		<bndbox>
			<xmin>322</xmin>
			<ymin>254</ymin>
			<xmax>393</xmax>
			<ymax>362</ymax>
		</bndbox>
	</object>
	<object>
		<name>Optic Disc</name>
		<pose>Unspecified</pose>
		<truncated>0</truncated>
		<difficult>0</difficult>
		<bndbox>
			<xmin>270</xmin>
			<ymin>185</ymin>
			<xmax>463</xmax>
			<ymax>398</ymax>
		</bndbox>
	</object>
</annotation>
