<annotation>
	<folder>train</folder>
	<filename>glc152.jpg</filename>
	<path>C:\Users\Nisa\Desktop\Glaucoma Images\train\glc152.jpg</path>
	<source>
		<database>Unknown</database>
	</source>
	<size>
		<width>800</width>
		<height>600</height>
		<depth>3</depth>
	</size>
	<segmented>0</segmented>
	<object>
		<name>Optic Cup</name>
		<pose>Unspecified</pose>
		<truncated>0</truncated>
		<difficult>0</difficult>
		<bndbox>
			<xmin>343</xmin>
			<ymin>187</ymin>
			<xmax>478</xmax>
			<ymax>405</ymax>
		</bndbox>
	</object>
	<object>
		<name>Optic Disc</name>
		<pose>Unspecified</pose>
		<truncated>0</truncated>
		<difficult>0</difficult>
		<bndbox>
			<xmin>311</xmin>
			<ymin>156</ymin>
			<xmax>543</xmax>
			<ymax>437</ymax>
		</bndbox>
	</object>
</annotation>
