<annotation>
	<folder>train</folder>
	<filename>glc195.jpg</filename>
	<path>C:\Users\Nisa\Desktop\Glaucoma Images\train\glc195.jpg</path>
	<source>
		<database>Unknown</database>
	</source>
	<size>
		<width>800</width>
		<height>600</height>
		<depth>3</depth>
	</size>
	<segmented>0</segmented>
	<object>
		<name>Optic Cup</name>
		<pose>Unspecified</pose>
		<truncated>0</truncated>
		<difficult>0</difficult>
		<bndbox>
			<xmin>383</xmin>
			<ymin>264</ymin>
			<xmax>449</xmax>
			<ymax>346</ymax>
		</bndbox>
	</object>
	<object>
		<name>Optic Disc</name>
		<pose>Unspecified</pose>
		<truncated>0</truncated>
		<difficult>0</difficult>
		<bndbox>
			<xmin>351</xmin>
			<ymin>258</ymin>
			<xmax>462</xmax>
			<ymax>373</ymax>
		</bndbox>
	</object>
</annotation>
