<annotation>
	<folder>Glaucoma Images</folder>
	<filename>glc121.jpg</filename>
	<path>C:\Users\Nisa\Desktop\Glaucoma Images\glc121.jpg</path>
	<source>
		<database>Unknown</database>
	</source>
	<size>
		<width>800</width>
		<height>600</height>
		<depth>3</depth>
	</size>
	<segmented>0</segmented>
	<object>
		<name>Optic Cup</name>
		<pose>Unspecified</pose>
		<truncated>0</truncated>
		<difficult>0</difficult>
		<bndbox>
			<xmin>547</xmin>
			<ymin>241</ymin>
			<xmax>588</xmax>
			<ymax>284</ymax>
		</bndbox>
	</object>
	<object>
		<name>Optic Disc</name>
		<pose>Unspecified</pose>
		<truncated>0</truncated>
		<difficult>0</difficult>
		<bndbox>
			<xmin>537</xmin>
			<ymin>204</ymin>
			<xmax>608</xmax>
			<ymax>313</ymax>
		</bndbox>
	</object>
</annotation>
