<annotation>
	<folder>train</folder>
	<filename>glc130.jpg</filename>
	<path>C:\Users\Nisa\Desktop\Glaucoma Images\train\glc130.jpg</path>
	<source>
		<database>Unknown</database>
	</source>
	<size>
		<width>800</width>
		<height>600</height>
		<depth>3</depth>
	</size>
	<segmented>0</segmented>
	<object>
		<name>Optic Cup</name>
		<pose>Unspecified</pose>
		<truncated>0</truncated>
		<difficult>0</difficult>
		<bndbox>
			<xmin>304</xmin>
			<ymin>224</ymin>
			<xmax>439</xmax>
			<ymax>352</ymax>
		</bndbox>
	</object>
	<object>
		<name>Optic Disc</name>
		<pose>Unspecified</pose>
		<truncated>0</truncated>
		<difficult>0</difficult>
		<bndbox>
			<xmin>181</xmin>
			<ymin>124</ymin>
			<xmax>623</xmax>
			<ymax>465</ymax>
		</bndbox>
	</object>
</annotation>
