<annotation>
	<folder>train</folder>
	<filename>glc198.jpg</filename>
	<path>C:\Users\Nisa\Desktop\Glaucoma Images\train\glc198.jpg</path>
	<source>
		<database>Unknown</database>
	</source>
	<size>
		<width>800</width>
		<height>600</height>
		<depth>3</depth>
	</size>
	<segmented>0</segmented>
	<object>
		<name>Optic Cup</name>
		<pose>Unspecified</pose>
		<truncated>0</truncated>
		<difficult>0</difficult>
		<bndbox>
			<xmin>347</xmin>
			<ymin>248</ymin>
			<xmax>424</xmax>
			<ymax>388</ymax>
		</bndbox>
	</object>
	<object>
		<name>Optic Disc</name>
		<pose>Unspecified</pose>
		<truncated>0</truncated>
		<difficult>0</difficult>
		<bndbox>
			<xmin>421</xmin>
			<ymin>245</ymin>
			<xmax>488</xmax>
			<ymax>389</ymax>
		</bndbox>
	</object>
</annotation>
