<annotation>
	<folder>train</folder>
	<filename>glc164.jpg</filename>
	<path>C:\Users\Nisa\Desktop\Glaucoma Images\train\glc164.jpg</path>
	<source>
		<database>Unknown</database>
	</source>
	<size>
		<width>800</width>
		<height>600</height>
		<depth>3</depth>
	</size>
	<segmented>0</segmented>
	<object>
		<name>Optic Cup</name>
		<pose>Unspecified</pose>
		<truncated>0</truncated>
		<difficult>0</difficult>
		<bndbox>
			<xmin>204</xmin>
			<ymin>170</ymin>
			<xmax>538</xmax>
			<ymax>425</ymax>
		</bndbox>
	</object>
	<object>
		<name>Optic Disc</name>
		<pose>Unspecified</pose>
		<truncated>0</truncated>
		<difficult>0</difficult>
		<bndbox>
			<xmin>166</xmin>
			<ymin>111</ymin>
			<xmax>632</xmax>
			<ymax>482</ymax>
		</bndbox>
	</object>
</annotation>
