<annotation>
	<folder>train</folder>
	<filename>glc215.jpg</filename>
	<path>C:\Users\Nisa\Desktop\Glaucoma Images\train\glc215.jpg</path>
	<source>
		<database>Unknown</database>
	</source>
	<size>
		<width>800</width>
		<height>600</height>
		<depth>3</depth>
	</size>
	<segmented>0</segmented>
	<object>
		<name>Optic Cup</name>
		<pose>Unspecified</pose>
		<truncated>0</truncated>
		<difficult>0</difficult>
		<bndbox>
			<xmin>168</xmin>
			<ymin>183</ymin>
			<xmax>442</xmax>
			<ymax>469</ymax>
		</bndbox>
	</object>
	<object>
		<name>Optic Disc</name>
		<pose>Unspecified</pose>
		<truncated>0</truncated>
		<difficult>0</difficult>
		<bndbox>
			<xmin>125</xmin>
			<ymin>95</ymin>
			<xmax>526</xmax>
			<ymax>542</ymax>
		</bndbox>
	</object>
</annotation>
