<annotation>
	<folder>train</folder>
	<filename>glc221.jpg</filename>
	<path>C:\Users\Nisa\Desktop\Glaucoma Images\train\glc221.jpg</path>
	<source>
		<database>Unknown</database>
	</source>
	<size>
		<width>800</width>
		<height>600</height>
		<depth>3</depth>
	</size>
	<segmented>0</segmented>
	<object>
		<name>Optic Cup</name>
		<pose>Unspecified</pose>
		<truncated>0</truncated>
		<difficult>0</difficult>
		<bndbox>
			<xmin>325</xmin>
			<ymin>284</ymin>
			<xmax>421</xmax>
			<ymax>379</ymax>
		</bndbox>
	</object>
	<object>
		<name>Optic Disc</name>
		<pose>Unspecified</pose>
		<truncated>0</truncated>
		<difficult>0</difficult>
		<bndbox>
			<xmin>321</xmin>
			<ymin>246</ymin>
			<xmax>474</xmax>
			<ymax>402</ymax>
		</bndbox>
	</object>
</annotation>
