<annotation>
	<folder>train</folder>
	<filename>glc204.jpg</filename>
	<path>C:\Users\Nisa\Desktop\Glaucoma Images\train\glc204.jpg</path>
	<source>
		<database>Unknown</database>
	</source>
	<size>
		<width>800</width>
		<height>600</height>
		<depth>3</depth>
	</size>
	<segmented>0</segmented>
	<object>
		<name>Optic Cup</name>
		<pose>Unspecified</pose>
		<truncated>0</truncated>
		<difficult>0</difficult>
		<bndbox>
			<xmin>204</xmin>
			<ymin>252</ymin>
			<xmax>245</xmax>
			<ymax>298</ymax>
		</bndbox>
	</object>
	<object>
		<name>Optic Disc</name>
		<pose>Unspecified</pose>
		<truncated>0</truncated>
		<difficult>0</difficult>
		<bndbox>
			<xmin>145</xmin>
			<ymin>214</ymin>
			<xmax>251</xmax>
			<ymax>318</ymax>
		</bndbox>
	</object>
</annotation>
