<annotation>
	<folder>train</folder>
	<filename>glc227.jpg</filename>
	<path>C:\Users\Nisa\Desktop\Glaucoma Images\train\glc227.jpg</path>
	<source>
		<database>Unknown</database>
	</source>
	<size>
		<width>800</width>
		<height>600</height>
		<depth>3</depth>
	</size>
	<segmented>0</segmented>
	<object>
		<name>Optic Cup</name>
		<pose>Unspecified</pose>
		<truncated>0</truncated>
		<difficult>0</difficult>
		<bndbox>
			<xmin>386</xmin>
			<ymin>233</ymin>
			<xmax>502</xmax>
			<ymax>404</ymax>
		</bndbox>
	</object>
	<object>
		<name>Optic Disc</name>
		<pose>Unspecified</pose>
		<truncated>0</truncated>
		<difficult>0</difficult>
		<bndbox>
			<xmin>237</xmin>
			<ymin>171</ymin>
			<xmax>563</xmax>
			<ymax>444</ymax>
		</bndbox>
	</object>
</annotation>
