<annotation>
	<folder>train</folder>
	<filename>glc213.jpg</filename>
	<path>C:\Users\Nisa\Desktop\Glaucoma Images\train\glc213.jpg</path>
	<source>
		<database>Unknown</database>
	</source>
	<size>
		<width>800</width>
		<height>600</height>
		<depth>3</depth>
	</size>
	<segmented>0</segmented>
	<object>
		<name>Optic Cup</name>
		<pose>Unspecified</pose>
		<truncated>0</truncated>
		<difficult>0</difficult>
		<bndbox>
			<xmin>237</xmin>
			<ymin>167</ymin>
			<xmax>561</xmax>
			<ymax>454</ymax>
		</bndbox>
	</object>
	<object>
		<name>Cup Disc</name>
		<pose>Unspecified</pose>
		<truncated>0</truncated>
		<difficult>0</difficult>
		<bndbox>
			<xmin>225</xmin>
			<ymin>114</ymin>
			<xmax>606</xmax>
			<ymax>475</ymax>
		</bndbox>
	</object>
</annotation>
