<annotation>
	<folder>train</folder>
	<filename>glc231.jpg</filename>
	<path>C:\Users\Nisa\Desktop\Glaucoma Images\train\glc231.jpg</path>
	<source>
		<database>Unknown</database>
	</source>
	<size>
		<width>800</width>
		<height>600</height>
		<depth>3</depth>
	</size>
	<segmented>0</segmented>
	<object>
		<name>Optic Cup</name>
		<pose>Unspecified</pose>
		<truncated>0</truncated>
		<difficult>0</difficult>
		<bndbox>
			<xmin>205</xmin>
			<ymin>160</ymin>
			<xmax>483</xmax>
			<ymax>398</ymax>
		</bndbox>
	</object>
	<object>
		<name>Optic Disc</name>
		<pose>Unspecified</pose>
		<truncated>0</truncated>
		<difficult>0</difficult>
		<bndbox>
			<xmin>193</xmin>
			<ymin>129</ymin>
			<xmax>576</xmax>
			<ymax>418</ymax>
		</bndbox>
	</object>
</annotation>
