<annotation>
	<folder>train</folder>
	<filename>glc228.jpg</filename>
	<path>C:\Users\Nisa\Desktop\Glaucoma Images\train\glc228.jpg</path>
	<source>
		<database>Unknown</database>
	</source>
	<size>
		<width>800</width>
		<height>600</height>
		<depth>3</depth>
	</size>
	<segmented>0</segmented>
	<object>
		<name>Optic Cup</name>
		<pose>Unspecified</pose>
		<truncated>0</truncated>
		<difficult>0</difficult>
		<bndbox>
			<xmin>82</xmin>
			<ymin>234</ymin>
			<xmax>137</xmax>
			<ymax>282</ymax>
		</bndbox>
	</object>
	<object>
		<name>Optic Disc</name>
		<pose>Unspecified</pose>
		<truncated>0</truncated>
		<difficult>0</difficult>
		<bndbox>
			<xmin>57</xmin>
			<ymin>209</ymin>
			<xmax>160</xmax>
			<ymax>337</ymax>
		</bndbox>
	</object>
</annotation>
