<annotation>
	<folder>train</folder>
	<filename>glc208.jpg</filename>
	<path>C:\Users\Nisa\Desktop\Glaucoma Images\train\glc208.jpg</path>
	<source>
		<database>Unknown</database>
	</source>
	<size>
		<width>800</width>
		<height>600</height>
		<depth>3</depth>
	</size>
	<segmented>0</segmented>
	<object>
		<name>Optic Cup</name>
		<pose>Unspecified</pose>
		<truncated>0</truncated>
		<difficult>0</difficult>
		<bndbox>
			<xmin>249</xmin>
			<ymin>243</ymin>
			<xmax>306</xmax>
			<ymax>296</ymax>
		</bndbox>
	</object>
	<object>
		<name>Optic Disc</name>
		<pose>Unspecified</pose>
		<truncated>0</truncated>
		<difficult>0</difficult>
		<bndbox>
			<xmin>222</xmin>
			<ymin>206</ymin>
			<xmax>363</xmax>
			<ymax>329</ymax>
		</bndbox>
	</object>
</annotation>
