<annotation>
	<folder>train</folder>
	<filename>glc243.jpg</filename>
	<path>C:\Users\Nisa\Desktop\Glaucoma Images\train\glc243.jpg</path>
	<source>
		<database>Unknown</database>
	</source>
	<size>
		<width>800</width>
		<height>600</height>
		<depth>3</depth>
	</size>
	<segmented>0</segmented>
	<object>
		<name>Optic Cup</name>
		<pose>Unspecified</pose>
		<truncated>0</truncated>
		<difficult>0</difficult>
		<bndbox>
			<xmin>329</xmin>
			<ymin>246</ymin>
			<xmax>438</xmax>
			<ymax>329</ymax>
		</bndbox>
	</object>
	<object>
		<name>Optic Disc</name>
		<pose>Unspecified</pose>
		<truncated>0</truncated>
		<difficult>0</difficult>
		<bndbox>
			<xmin>314</xmin>
			<ymin>212</ymin>
			<xmax>467</xmax>
			<ymax>368</ymax>
		</bndbox>
	</object>
</annotation>
