<annotation>
	<folder>train</folder>
	<filename>glc250.jpg</filename>
	<path>C:\Users\Nisa\Desktop\Glaucoma Images\train\glc250.jpg</path>
	<source>
		<database>Unknown</database>
	</source>
	<size>
		<width>800</width>
		<height>600</height>
		<depth>3</depth>
	</size>
	<segmented>0</segmented>
	<object>
		<name>Optic Cup</name>
		<pose>Unspecified</pose>
		<truncated>0</truncated>
		<difficult>0</difficult>
		<bndbox>
			<xmin>361</xmin>
			<ymin>198</ymin>
			<xmax>488</xmax>
			<ymax>369</ymax>
		</bndbox>
	</object>
	<object>
		<name>Optic Disc</name>
		<pose>Unspecified</pose>
		<truncated>0</truncated>
		<difficult>0</difficult>
		<bndbox>
			<xmin>321</xmin>
			<ymin>132</ymin>
			<xmax>586</xmax>
			<ymax>420</ymax>
		</bndbox>
	</object>
</annotation>
