<annotation>
	<folder>train</folder>
	<filename>glc235.jpg</filename>
	<path>C:\Users\Nisa\Desktop\Glaucoma Images\train\glc235.jpg</path>
	<source>
		<database>Unknown</database>
	</source>
	<size>
		<width>800</width>
		<height>600</height>
		<depth>3</depth>
	</size>
	<segmented>0</segmented>
	<object>
		<name>Optic Cup</name>
		<pose>Unspecified</pose>
		<truncated>0</truncated>
		<difficult>0</difficult>
		<bndbox>
			<xmin>505</xmin>
			<ymin>260</ymin>
			<xmax>597</xmax>
			<ymax>333</ymax>
		</bndbox>
	</object>
	<object>
		<name>Optic Disc</name>
		<pose>Unspecified</pose>
		<truncated>0</truncated>
		<difficult>0</difficult>
		<bndbox>
			<xmin>433</xmin>
			<ymin>197</ymin>
			<xmax>723</xmax>
			<ymax>430</ymax>
		</bndbox>
	</object>
</annotation>
