<annotation>
	<folder>train</folder>
	<filename>glc210.jpg</filename>
	<path>C:\Users\Nisa\Desktop\Glaucoma Images\train\glc210.jpg</path>
	<source>
		<database>Unknown</database>
	</source>
	<size>
		<width>800</width>
		<height>600</height>
		<depth>3</depth>
	</size>
	<segmented>0</segmented>
	<object>
		<name>Optic Cup</name>
		<pose>Unspecified</pose>
		<truncated>0</truncated>
		<difficult>0</difficult>
		<bndbox>
			<xmin>328</xmin>
			<ymin>142</ymin>
			<xmax>408</xmax>
			<ymax>267</ymax>
		</bndbox>
	</object>
	<object>
		<name>Optic Disc</name>
		<pose>Unspecified</pose>
		<truncated>0</truncated>
		<difficult>0</difficult>
		<bndbox>
			<xmin>268</xmin>
			<ymin>27</ymin>
			<xmax>541</xmax>
			<ymax>378</ymax>
		</bndbox>
	</object>
</annotation>
