<annotation>
	<folder>train</folder>
	<filename>glc203.jpg</filename>
	<path>C:\Users\Nisa\Desktop\Glaucoma Images\train\glc203.jpg</path>
	<source>
		<database>Unknown</database>
	</source>
	<size>
		<width>800</width>
		<height>600</height>
		<depth>3</depth>
	</size>
	<segmented>0</segmented>
	<object>
		<name>Optic Cup</name>
		<pose>Unspecified</pose>
		<truncated>0</truncated>
		<difficult>0</difficult>
		<bndbox>
			<xmin>370</xmin>
			<ymin>274</ymin>
			<xmax>414</xmax>
			<ymax>348</ymax>
		</bndbox>
	</object>
	<object>
		<name>Optic Disc</name>
		<pose>Unspecified</pose>
		<truncated>0</truncated>
		<difficult>0</difficult>
		<bndbox>
			<xmin>326</xmin>
			<ymin>234</ymin>
			<xmax>452</xmax>
			<ymax>383</ymax>
		</bndbox>
	</object>
</annotation>
