<annotation>
	<folder>train</folder>
	<filename>glc219.jpg</filename>
	<path>C:\Users\Nisa\Desktop\Glaucoma Images\train\glc219.jpg</path>
	<source>
		<database>Unknown</database>
	</source>
	<size>
		<width>800</width>
		<height>600</height>
		<depth>3</depth>
	</size>
	<segmented>0</segmented>
	<object>
		<name>Optic Cup</name>
		<pose>Unspecified</pose>
		<truncated>0</truncated>
		<difficult>0</difficult>
		<bndbox>
			<xmin>381</xmin>
			<ymin>295</ymin>
			<xmax>453</xmax>
			<ymax>335</ymax>
		</bndbox>
	</object>
	<object>
		<name>Optic Disc</name>
		<pose>Unspecified</pose>
		<truncated>0</truncated>
		<difficult>0</difficult>
		<bndbox>
			<xmin>363</xmin>
			<ymin>251</ymin>
			<xmax>511</xmax>
			<ymax>366</ymax>
		</bndbox>
	</object>
</annotation>
