<annotation>
	<folder>train</folder>
	<filename>glc206.jpg</filename>
	<path>C:\Users\Nisa\Desktop\Glaucoma Images\train\glc206.jpg</path>
	<source>
		<database>Unknown</database>
	</source>
	<size>
		<width>800</width>
		<height>600</height>
		<depth>3</depth>
	</size>
	<segmented>0</segmented>
	<object>
		<name>Optic Cup</name>
		<pose>Unspecified</pose>
		<truncated>0</truncated>
		<difficult>0</difficult>
		<bndbox>
			<xmin>249</xmin>
			<ymin>212</ymin>
			<xmax>339</xmax>
			<ymax>314</ymax>
		</bndbox>
	</object>
	<object>
		<name>Optic Disc</name>
		<pose>Unspecified</pose>
		<truncated>0</truncated>
		<difficult>0</difficult>
		<bndbox>
			<xmin>147</xmin>
			<ymin>162</ymin>
			<xmax>388</xmax>
			<ymax>375</ymax>
		</bndbox>
	</object>
</annotation>
