<annotation>
	<folder>train</folder>
	<filename>glc226.jpg</filename>
	<path>C:\Users\Nisa\Desktop\Glaucoma Images\train\glc226.jpg</path>
	<source>
		<database>Unknown</database>
	</source>
	<size>
		<width>800</width>
		<height>600</height>
		<depth>3</depth>
	</size>
	<segmented>0</segmented>
	<object>
		<name>Optic Cup</name>
		<pose>Unspecified</pose>
		<truncated>0</truncated>
		<difficult>0</difficult>
		<bndbox>
			<xmin>383</xmin>
			<ymin>269</ymin>
			<xmax>429</xmax>
			<ymax>327</ymax>
		</bndbox>
	</object>
	<object>
		<name>Optic Disc</name>
		<pose>Unspecified</pose>
		<truncated>0</truncated>
		<difficult>0</difficult>
		<bndbox>
			<xmin>353</xmin>
			<ymin>238</ymin>
			<xmax>478</xmax>
			<ymax>364</ymax>
		</bndbox>
	</object>
</annotation>
