<annotation>
	<folder>train</folder>
	<filename>glc216.jpg</filename>
	<path>C:\Users\Nisa\Desktop\Glaucoma Images\train\glc216.jpg</path>
	<source>
		<database>Unknown</database>
	</source>
	<size>
		<width>800</width>
		<height>600</height>
		<depth>3</depth>
	</size>
	<segmented>0</segmented>
	<object>
		<name>Optic Cup</name>
		<pose>Unspecified</pose>
		<truncated>0</truncated>
		<difficult>0</difficult>
		<bndbox>
			<xmin>355</xmin>
			<ymin>262</ymin>
			<xmax>385</xmax>
			<ymax>313</ymax>
		</bndbox>
	</object>
	<object>
		<name>Optic Disc</name>
		<pose>Unspecified</pose>
		<truncated>0</truncated>
		<difficult>0</difficult>
		<bndbox>
			<xmin>325</xmin>
			<ymin>224</ymin>
			<xmax>429</xmax>
			<ymax>339</ymax>
		</bndbox>
	</object>
</annotation>
