<annotation>
	<folder>train</folder>
	<filename>glc242.jpg</filename>
	<path>C:\Users\Nisa\Desktop\Glaucoma Images\train\glc242.jpg</path>
	<source>
		<database>Unknown</database>
	</source>
	<size>
		<width>800</width>
		<height>600</height>
		<depth>3</depth>
	</size>
	<segmented>0</segmented>
	<object>
		<name>Optic Cup</name>
		<pose>Unspecified</pose>
		<truncated>0</truncated>
		<difficult>0</difficult>
		<bndbox>
			<xmin>366</xmin>
			<ymin>245</ymin>
			<xmax>447</xmax>
			<ymax>372</ymax>
		</bndbox>
	</object>
	<object>
		<name>Optic Disc</name>
		<pose>Unspecified</pose>
		<truncated>0</truncated>
		<difficult>0</difficult>
		<bndbox>
			<xmin>320</xmin>
			<ymin>232</ymin>
			<xmax>431</xmax>
			<ymax>383</ymax>
		</bndbox>
	</object>
</annotation>
