<annotation>
	<folder>train</folder>
	<filename>glc233.jpg</filename>
	<path>C:\Users\Nisa\Desktop\Glaucoma Images\train\glc233.jpg</path>
	<source>
		<database>Unknown</database>
	</source>
	<size>
		<width>800</width>
		<height>600</height>
		<depth>3</depth>
	</size>
	<segmented>0</segmented>
	<object>
		<name>Optic Cup</name>
		<pose>Unspecified</pose>
		<truncated>0</truncated>
		<difficult>0</difficult>
		<bndbox>
			<xmin>279</xmin>
			<ymin>157</ymin>
			<xmax>522</xmax>
			<ymax>442</ymax>
		</bndbox>
	</object>
	<object>
		<name>Optic Disc</name>
		<pose>Unspecified</pose>
		<truncated>0</truncated>
		<difficult>0</difficult>
		<bndbox>
			<xmin>176</xmin>
			<ymin>104</ymin>
			<xmax>588</xmax>
			<ymax>491</ymax>
		</bndbox>
	</object>
</annotation>
