<annotation>
	<folder>train</folder>
	<filename>glc205.jpg</filename>
	<path>C:\Users\Nisa\Desktop\Glaucoma Images\train\glc205.jpg</path>
	<source>
		<database>Unknown</database>
	</source>
	<size>
		<width>800</width>
		<height>600</height>
		<depth>3</depth>
	</size>
	<segmented>0</segmented>
	<object>
		<name>Optic Cup</name>
		<pose>Unspecified</pose>
		<truncated>0</truncated>
		<difficult>0</difficult>
		<bndbox>
			<xmin>167</xmin>
			<ymin>272</ymin>
			<xmax>214</xmax>
			<ymax>309</ymax>
		</bndbox>
	</object>
	<object>
		<name>Optic Disc</name>
		<pose>Unspecified</pose>
		<truncated>0</truncated>
		<difficult>0</difficult>
		<bndbox>
			<xmin>133</xmin>
			<ymin>243</ymin>
			<xmax>235</xmax>
			<ymax>333</ymax>
		</bndbox>
	</object>
</annotation>
