<annotation>
	<folder>train</folder>
	<filename>glc229.jpg</filename>
	<path>C:\Users\Nisa\Desktop\Glaucoma Images\train\glc229.jpg</path>
	<source>
		<database>Unknown</database>
	</source>
	<size>
		<width>800</width>
		<height>600</height>
		<depth>3</depth>
	</size>
	<segmented>0</segmented>
	<object>
		<name>Optic Cup</name>
		<pose>Unspecified</pose>
		<truncated>0</truncated>
		<difficult>0</difficult>
		<bndbox>
			<xmin>492</xmin>
			<ymin>271</ymin>
			<xmax>542</xmax>
			<ymax>331</ymax>
		</bndbox>
	</object>
	<object>
		<name>Optic Disc</name>
		<pose>Unspecified</pose>
		<truncated>0</truncated>
		<difficult>0</difficult>
		<bndbox>
			<xmin>486</xmin>
			<ymin>248</ymin>
			<xmax>575</xmax>
			<ymax>344</ymax>
		</bndbox>
	</object>
</annotation>
