<annotation>
	<folder>train</folder>
	<filename>glc234.jpg</filename>
	<path>C:\Users\Nisa\Desktop\Glaucoma Images\train\glc234.jpg</path>
	<source>
		<database>Unknown</database>
	</source>
	<size>
		<width>800</width>
		<height>600</height>
		<depth>3</depth>
	</size>
	<segmented>0</segmented>
	<object>
		<name>Optic Cup</name>
		<pose>Unspecified</pose>
		<truncated>0</truncated>
		<difficult>0</difficult>
		<bndbox>
			<xmin>316</xmin>
			<ymin>189</ymin>
			<xmax>502</xmax>
			<ymax>404</ymax>
		</bndbox>
	</object>
	<object>
		<name>Optic Disc</name>
		<pose>Unspecified</pose>
		<truncated>0</truncated>
		<difficult>0</difficult>
		<bndbox>
			<xmin>282</xmin>
			<ymin>157</ymin>
			<xmax>595</xmax>
			<ymax>433</ymax>
		</bndbox>
	</object>
</annotation>
