<annotation>
	<folder>train</folder>
	<filename>glc246.jpg</filename>
	<path>C:\Users\Nisa\Desktop\Glaucoma Images\train\glc246.jpg</path>
	<source>
		<database>Unknown</database>
	</source>
	<size>
		<width>800</width>
		<height>600</height>
		<depth>3</depth>
	</size>
	<segmented>0</segmented>
	<object>
		<name>Optic Cup</name>
		<pose>Unspecified</pose>
		<truncated>0</truncated>
		<difficult>0</difficult>
		<bndbox>
			<xmin>239</xmin>
			<ymin>224</ymin>
			<xmax>301</xmax>
			<ymax>285</ymax>
		</bndbox>
	</object>
	<object>
		<name>Optic Disc</name>
		<pose>Unspecified</pose>
		<truncated>0</truncated>
		<difficult>0</difficult>
		<bndbox>
			<xmin>166</xmin>
			<ymin>167</ymin>
			<xmax>363</xmax>
			<ymax>360</ymax>
		</bndbox>
	</object>
</annotation>
