<annotation>
	<folder>train</folder>
	<filename>glc207.jpg</filename>
	<path>C:\Users\Nisa\Desktop\Glaucoma Images\train\glc207.jpg</path>
	<source>
		<database>Unknown</database>
	</source>
	<size>
		<width>800</width>
		<height>600</height>
		<depth>3</depth>
	</size>
	<segmented>0</segmented>
	<object>
		<name>Optic Cup</name>
		<pose>Unspecified</pose>
		<truncated>0</truncated>
		<difficult>0</difficult>
		<bndbox>
			<xmin>383</xmin>
			<ymin>316</ymin>
			<xmax>413</xmax>
			<ymax>379</ymax>
		</bndbox>
	</object>
	<object>
		<name>Optic Disc</name>
		<pose>Unspecified</pose>
		<truncated>0</truncated>
		<difficult>0</difficult>
		<bndbox>
			<xmin>318</xmin>
			<ymin>270</ymin>
			<xmax>451</xmax>
			<ymax>448</ymax>
		</bndbox>
	</object>
</annotation>
