<annotation>
	<folder>train</folder>
	<filename>glc239.jpg</filename>
	<path>C:\Users\Nisa\Desktop\Glaucoma Images\train\glc239.jpg</path>
	<source>
		<database>Unknown</database>
	</source>
	<size>
		<width>800</width>
		<height>600</height>
		<depth>3</depth>
	</size>
	<segmented>0</segmented>
	<object>
		<name>Optic Cup</name>
		<pose>Unspecified</pose>
		<truncated>0</truncated>
		<difficult>0</difficult>
		<bndbox>
			<xmin>362</xmin>
			<ymin>220</ymin>
			<xmax>478</xmax>
			<ymax>309</ymax>
		</bndbox>
	</object>
	<object>
		<name>Optic Disc</name>
		<pose>Unspecified</pose>
		<truncated>0</truncated>
		<difficult>0</difficult>
		<bndbox>
			<xmin>293</xmin>
			<ymin>184</ymin>
			<xmax>586</xmax>
			<ymax>367</ymax>
		</bndbox>
	</object>
</annotation>
