<annotation>
	<folder>train</folder>
	<filename>glc209.jpg</filename>
	<path>C:\Users\Nisa\Desktop\Glaucoma Images\train\glc209.jpg</path>
	<source>
		<database>Unknown</database>
	</source>
	<size>
		<width>800</width>
		<height>600</height>
		<depth>3</depth>
	</size>
	<segmented>0</segmented>
	<object>
		<name>Optic Cup</name>
		<pose>Unspecified</pose>
		<truncated>0</truncated>
		<difficult>0</difficult>
		<bndbox>
			<xmin>377</xmin>
			<ymin>271</ymin>
			<xmax>419</xmax>
			<ymax>329</ymax>
		</bndbox>
	</object>
	<object>
		<name>Optic Disc</name>
		<pose>Unspecified</pose>
		<truncated>0</truncated>
		<difficult>0</difficult>
		<bndbox>
			<xmin>355</xmin>
			<ymin>234</ymin>
			<xmax>460</xmax>
			<ymax>362</ymax>
		</bndbox>
	</object>
</annotation>
