<annotation>
	<folder>train</folder>
	<filename>glc211.jpg</filename>
	<path>C:\Users\Nisa\Desktop\Glaucoma Images\train\glc211.jpg</path>
	<source>
		<database>Unknown</database>
	</source>
	<size>
		<width>800</width>
		<height>600</height>
		<depth>3</depth>
	</size>
	<segmented>0</segmented>
	<object>
		<name>Optic Cup</name>
		<pose>Unspecified</pose>
		<truncated>0</truncated>
		<difficult>0</difficult>
		<bndbox>
			<xmin>240</xmin>
			<ymin>261</ymin>
			<xmax>380</xmax>
			<ymax>364</ymax>
		</bndbox>
	</object>
	<object>
		<name>Optic Disc</name>
		<pose>Unspecified</pose>
		<truncated>0</truncated>
		<difficult>0</difficult>
		<bndbox>
			<xmin>191</xmin>
			<ymin>233</ymin>
			<xmax>425</xmax>
			<ymax>406</ymax>
		</bndbox>
	</object>
</annotation>
