<annotation>
	<folder>train</folder>
	<filename>glc245.jpg</filename>
	<path>C:\Users\Nisa\Desktop\Glaucoma Images\train\glc245.jpg</path>
	<source>
		<database>Unknown</database>
	</source>
	<size>
		<width>800</width>
		<height>600</height>
		<depth>3</depth>
	</size>
	<segmented>0</segmented>
	<object>
		<name>Optic Cup</name>
		<pose>Unspecified</pose>
		<truncated>0</truncated>
		<difficult>0</difficult>
		<bndbox>
			<xmin>289</xmin>
			<ymin>199</ymin>
			<xmax>399</xmax>
			<ymax>374</ymax>
		</bndbox>
	</object>
	<object>
		<name>Optic Disc</name>
		<pose>Unspecified</pose>
		<truncated>0</truncated>
		<difficult>0</difficult>
		<bndbox>
			<xmin>259</xmin>
			<ymin>176</ymin>
			<xmax>457</xmax>
			<ymax>409</ymax>
		</bndbox>
	</object>
</annotation>
