<annotation>
	<folder>train</folder>
	<filename>glc225.jpg</filename>
	<path>C:\Users\Nisa\Desktop\Glaucoma Images\train\glc225.jpg</path>
	<source>
		<database>Unknown</database>
	</source>
	<size>
		<width>800</width>
		<height>600</height>
		<depth>3</depth>
	</size>
	<segmented>0</segmented>
	<object>
		<name>Optic Cup</name>
		<pose>Unspecified</pose>
		<truncated>0</truncated>
		<difficult>0</difficult>
		<bndbox>
			<xmin>73</xmin>
			<ymin>229</ymin>
			<xmax>173</xmax>
			<ymax>305</ymax>
		</bndbox>
	</object>
	<object>
		<name>Optic Disc</name>
		<pose>Unspecified</pose>
		<truncated>0</truncated>
		<difficult>0</difficult>
		<bndbox>
			<xmin>73</xmin>
			<ymin>203</ymin>
			<xmax>174</xmax>
			<ymax>308</ymax>
		</bndbox>
	</object>
</annotation>
