<annotation>
	<folder>train</folder>
	<filename>glc217.jpg</filename>
	<path>C:\Users\Nisa\Desktop\Glaucoma Images\train\glc217.jpg</path>
	<source>
		<database>Unknown</database>
	</source>
	<size>
		<width>800</width>
		<height>600</height>
		<depth>3</depth>
	</size>
	<segmented>0</segmented>
	<object>
		<name>Optic Cup</name>
		<pose>Unspecified</pose>
		<truncated>0</truncated>
		<difficult>0</difficult>
		<bndbox>
			<xmin>575</xmin>
			<ymin>234</ymin>
			<xmax>690</xmax>
			<ymax>362</ymax>
		</bndbox>
	</object>
	<object>
		<name>Optic Disc</name>
		<pose>Unspecified</pose>
		<truncated>0</truncated>
		<difficult>0</difficult>
		<bndbox>
			<xmin>554</xmin>
			<ymin>224</ymin>
			<xmax>610</xmax>
			<ymax>370</ymax>
		</bndbox>
	</object>
</annotation>
