<annotation>
	<folder>train</folder>
	<filename>glc223.jpg</filename>
	<path>C:\Users\Nisa\Desktop\Glaucoma Images\train\glc223.jpg</path>
	<source>
		<database>Unknown</database>
	</source>
	<size>
		<width>800</width>
		<height>600</height>
		<depth>3</depth>
	</size>
	<segmented>0</segmented>
	<object>
		<name>Optic Cup</name>
		<pose>Unspecified</pose>
		<truncated>0</truncated>
		<difficult>0</difficult>
		<bndbox>
			<xmin>195</xmin>
			<ymin>245</ymin>
			<xmax>250</xmax>
			<ymax>304</ymax>
		</bndbox>
	</object>
	<object>
		<name>Optic Disc</name>
		<pose>Unspecified</pose>
		<truncated>0</truncated>
		<difficult>0</difficult>
		<bndbox>
			<xmin>160</xmin>
			<ymin>225</ymin>
			<xmax>277</xmax>
			<ymax>333</ymax>
		</bndbox>
	</object>
</annotation>
