<annotation>
	<folder>train</folder>
	<filename>glc241.jpg</filename>
	<path>C:\Users\Nisa\Desktop\Glaucoma Images\train\glc241.jpg</path>
	<source>
		<database>Unknown</database>
	</source>
	<size>
		<width>800</width>
		<height>600</height>
		<depth>3</depth>
	</size>
	<segmented>0</segmented>
	<object>
		<name>Optic Cup</name>
		<pose>Unspecified</pose>
		<truncated>0</truncated>
		<difficult>0</difficult>
		<bndbox>
			<xmin>333</xmin>
			<ymin>251</ymin>
			<xmax>461</xmax>
			<ymax>360</ymax>
		</bndbox>
	</object>
	<object>
		<name>Optic Disc</name>
		<pose>Unspecified</pose>
		<truncated>0</truncated>
		<difficult>0</difficult>
		<bndbox>
			<xmin>284</xmin>
			<ymin>214</ymin>
			<xmax>482</xmax>
			<ymax>387</ymax>
		</bndbox>
	</object>
</annotation>
