<annotation>
	<folder>train</folder>
	<filename>glc247.jpg</filename>
	<path>C:\Users\Nisa\Desktop\Glaucoma Images\train\glc247.jpg</path>
	<source>
		<database>Unknown</database>
	</source>
	<size>
		<width>800</width>
		<height>600</height>
		<depth>3</depth>
	</size>
	<segmented>0</segmented>
	<object>
		<name>Optic Cup</name>
		<pose>Unspecified</pose>
		<truncated>0</truncated>
		<difficult>0</difficult>
		<bndbox>
			<xmin>353</xmin>
			<ymin>257</ymin>
			<xmax>416</xmax>
			<ymax>340</ymax>
		</bndbox>
	</object>
	<object>
		<name>Optic Disc</name>
		<pose>Unspecified</pose>
		<truncated>0</truncated>
		<difficult>0</difficult>
		<bndbox>
			<xmin>313</xmin>
			<ymin>233</ymin>
			<xmax>473</xmax>
			<ymax>372</ymax>
		</bndbox>
	</object>
</annotation>
