<annotation>
	<folder>train</folder>
	<filename>glc238.jpg</filename>
	<path>C:\Users\Nisa\Desktop\Glaucoma Images\train\glc238.jpg</path>
	<source>
		<database>Unknown</database>
	</source>
	<size>
		<width>800</width>
		<height>600</height>
		<depth>3</depth>
	</size>
	<segmented>0</segmented>
	<object>
		<name>Optic Cup</name>
		<pose>Unspecified</pose>
		<truncated>0</truncated>
		<difficult>0</difficult>
		<bndbox>
			<xmin>353</xmin>
			<ymin>206</ymin>
			<xmax>541</xmax>
			<ymax>364</ymax>
		</bndbox>
	</object>
	<object>
		<name>Optic Disc</name>
		<pose>Unspecified</pose>
		<truncated>0</truncated>
		<difficult>0</difficult>
		<bndbox>
			<xmin>166</xmin>
			<ymin>146</ymin>
			<xmax>636</xmax>
			<ymax>462</ymax>
		</bndbox>
	</object>
</annotation>
