<annotation>
	<folder>train</folder>
	<filename>glc249.jpg</filename>
	<path>C:\Users\Nisa\Desktop\Glaucoma Images\train\glc249.jpg</path>
	<source>
		<database>Unknown</database>
	</source>
	<size>
		<width>800</width>
		<height>600</height>
		<depth>3</depth>
	</size>
	<segmented>0</segmented>
	<object>
		<name>Optic Cup</name>
		<pose>Unspecified</pose>
		<truncated>0</truncated>
		<difficult>0</difficult>
		<bndbox>
			<xmin>536</xmin>
			<ymin>204</ymin>
			<xmax>597</xmax>
			<ymax>282</ymax>
		</bndbox>
	</object>
	<object>
		<name>Optic Disc</name>
		<pose>Unspecified</pose>
		<truncated>0</truncated>
		<difficult>0</difficult>
		<bndbox>
			<xmin>492</xmin>
			<ymin>167</ymin>
			<xmax>644</xmax>
			<ymax>312</ymax>
		</bndbox>
	</object>
</annotation>
