<annotation>
	<folder>train</folder>
	<filename>glc230.jpg</filename>
	<path>C:\Users\Nisa\Desktop\Glaucoma Images\train\glc230.jpg</path>
	<source>
		<database>Unknown</database>
	</source>
	<size>
		<width>800</width>
		<height>600</height>
		<depth>3</depth>
	</size>
	<segmented>0</segmented>
	<object>
		<name>Optic Cup</name>
		<pose>Unspecified</pose>
		<truncated>0</truncated>
		<difficult>0</difficult>
		<bndbox>
			<xmin>422</xmin>
			<ymin>174</ymin>
			<xmax>540</xmax>
			<ymax>339</ymax>
		</bndbox>
	</object>
	<object>
		<name>Optic Disc</name>
		<pose>Unspecified</pose>
		<truncated>0</truncated>
		<difficult>0</difficult>
		<bndbox>
			<xmin>366</xmin>
			<ymin>163</ymin>
			<xmax>456</xmax>
			<ymax>321</ymax>
		</bndbox>
	</object>
</annotation>
