<annotation>
	<folder>train</folder>
	<filename>glc248.jpg</filename>
	<path>C:\Users\Nisa\Desktop\Glaucoma Images\train\glc248.jpg</path>
	<source>
		<database>Unknown</database>
	</source>
	<size>
		<width>800</width>
		<height>600</height>
		<depth>3</depth>
	</size>
	<segmented>0</segmented>
	<object>
		<name>Optic Cup</name>
		<pose>Unspecified</pose>
		<truncated>0</truncated>
		<difficult>0</difficult>
		<bndbox>
			<xmin>352</xmin>
			<ymin>184</ymin>
			<xmax>442</xmax>
			<ymax>344</ymax>
		</bndbox>
	</object>
	<object>
		<name>Optic Disc</name>
		<pose>Unspecified</pose>
		<truncated>0</truncated>
		<difficult>0</difficult>
		<bndbox>
			<xmin>292</xmin>
			<ymin>128</ymin>
			<xmax>503</xmax>
			<ymax>408</ymax>
		</bndbox>
	</object>
</annotation>
