<annotation>
	<folder>train</folder>
	<filename>glc200.jpg</filename>
	<path>C:\Users\Nisa\Desktop\Glaucoma Images\train\glc200.jpg</path>
	<source>
		<database>Unknown</database>
	</source>
	<size>
		<width>800</width>
		<height>600</height>
		<depth>3</depth>
	</size>
	<segmented>0</segmented>
	<object>
		<name>Optic Cup</name>
		<pose>Unspecified</pose>
		<truncated>0</truncated>
		<difficult>0</difficult>
		<bndbox>
			<xmin>543</xmin>
			<ymin>274</ymin>
			<xmax>610</xmax>
			<ymax>350</ymax>
		</bndbox>
	</object>
	<object>
		<name>Optic Disc</name>
		<pose>Unspecified</pose>
		<truncated>0</truncated>
		<difficult>0</difficult>
		<bndbox>
			<xmin>533</xmin>
			<ymin>259</ymin>
			<xmax>624</xmax>
			<ymax>377</ymax>
		</bndbox>
	</object>
</annotation>
