<annotation>
	<folder>train</folder>
	<filename>glc212.jpg</filename>
	<path>C:\Users\Nisa\Desktop\Glaucoma Images\train\glc212.jpg</path>
	<source>
		<database>Unknown</database>
	</source>
	<size>
		<width>800</width>
		<height>600</height>
		<depth>3</depth>
	</size>
	<segmented>0</segmented>
	<object>
		<name>Optic Cup</name>
		<pose>Unspecified</pose>
		<truncated>0</truncated>
		<difficult>0</difficult>
		<bndbox>
			<xmin>97</xmin>
			<ymin>257</ymin>
			<xmax>157</xmax>
			<ymax>351</ymax>
		</bndbox>
	</object>
	<object>
		<name>Optic Disc</name>
		<pose>Unspecified</pose>
		<truncated>0</truncated>
		<difficult>0</difficult>
		<bndbox>
			<xmin>47</xmin>
			<ymin>244</ymin>
			<xmax>164</xmax>
			<ymax>375</ymax>
		</bndbox>
	</object>
</annotation>
