<annotation>
	<folder>train</folder>
	<filename>glc68.jpg</filename>
	<path>C:\Users\Nisa\Desktop\Glaucoma Images\train\glc68.jpg</path>
	<source>
		<database>Unknown</database>
	</source>
	<size>
		<width>800</width>
		<height>600</height>
		<depth>3</depth>
	</size>
	<segmented>0</segmented>
	<object>
		<name>Optic Cup</name>
		<pose>Unspecified</pose>
		<truncated>0</truncated>
		<difficult>0</difficult>
		<bndbox>
			<xmin>625</xmin>
			<ymin>324</ymin>
			<xmax>684</xmax>
			<ymax>388</ymax>
		</bndbox>
	</object>
	<object>
		<name>Optic Disc</name>
		<pose>Unspecified</pose>
		<truncated>0</truncated>
		<difficult>0</difficult>
		<bndbox>
			<xmin>606</xmin>
			<ymin>296</ymin>
			<xmax>729</xmax>
			<ymax>420</ymax>
		</bndbox>
	</object>
</annotation>
