<annotation>
	<folder>train</folder>
	<filename>glc67.jpg</filename>
	<path>C:\Users\Nisa\Desktop\Glaucoma Images\train\glc67.jpg</path>
	<source>
		<database>Unknown</database>
	</source>
	<size>
		<width>800</width>
		<height>600</height>
		<depth>3</depth>
	</size>
	<segmented>0</segmented>
	<object>
		<name>Optic Cup</name>
		<pose>Unspecified</pose>
		<truncated>0</truncated>
		<difficult>0</difficult>
		<bndbox>
			<xmin>623</xmin>
			<ymin>299</ymin>
			<xmax>693</xmax>
			<ymax>364</ymax>
		</bndbox>
	</object>
	<object>
		<name>Optic Disc</name>
		<pose>Unspecified</pose>
		<truncated>0</truncated>
		<difficult>0</difficult>
		<bndbox>
			<xmin>609</xmin>
			<ymin>272</ymin>
			<xmax>723</xmax>
			<ymax>396</ymax>
		</bndbox>
	</object>
</annotation>
