<annotation>
	<folder>train</folder>
	<filename>glc63.jpg</filename>
	<path>C:\Users\Nisa\Desktop\Glaucoma Images\train\glc63.jpg</path>
	<source>
		<database>Unknown</database>
	</source>
	<size>
		<width>800</width>
		<height>600</height>
		<depth>3</depth>
	</size>
	<segmented>0</segmented>
	<object>
		<name>Optic Cup</name>
		<pose>Unspecified</pose>
		<truncated>0</truncated>
		<difficult>0</difficult>
		<bndbox>
			<xmin>624</xmin>
			<ymin>323</ymin>
			<xmax>701</xmax>
			<ymax>367</ymax>
		</bndbox>
	</object>
	<object>
		<name>Optic Disc</name>
		<pose>Unspecified</pose>
		<truncated>0</truncated>
		<difficult>0</difficult>
		<bndbox>
			<xmin>612</xmin>
			<ymin>302</ymin>
			<xmax>723</xmax>
			<ymax>398</ymax>
		</bndbox>
	</object>
</annotation>
