<annotation>
	<folder>train</folder>
	<filename>glc66.jpg</filename>
	<path>C:\Users\Nisa\Desktop\Glaucoma Images\train\glc66.jpg</path>
	<source>
		<database>Unknown</database>
	</source>
	<size>
		<width>800</width>
		<height>600</height>
		<depth>3</depth>
	</size>
	<segmented>0</segmented>
	<object>
		<name>Optic Cup</name>
		<pose>Unspecified</pose>
		<truncated>0</truncated>
		<difficult>0</difficult>
		<bndbox>
			<xmin>583</xmin>
			<ymin>349</ymin>
			<xmax>643</xmax>
			<ymax>411</ymax>
		</bndbox>
	</object>
	<object>
		<name>Optic Disc</name>
		<pose>Unspecified</pose>
		<truncated>0</truncated>
		<difficult>0</difficult>
		<bndbox>
			<xmin>560</xmin>
			<ymin>327</ymin>
			<xmax>676</xmax>
			<ymax>440</ymax>
		</bndbox>
	</object>
</annotation>
