<annotation>
	<folder>train</folder>
	<filename>glc79.jpg</filename>
	<path>C:\Users\Nisa\Desktop\Glaucoma Images\train\glc79.jpg</path>
	<source>
		<database>Unknown</database>
	</source>
	<size>
		<width>800</width>
		<height>600</height>
		<depth>3</depth>
	</size>
	<segmented>0</segmented>
	<object>
		<name>Optic Cup</name>
		<pose>Unspecified</pose>
		<truncated>0</truncated>
		<difficult>0</difficult>
		<bndbox>
			<xmin>634</xmin>
			<ymin>315</ymin>
			<xmax>697</xmax>
			<ymax>360</ymax>
		</bndbox>
	</object>
	<object>
		<name>Optic Disc</name>
		<pose>Unspecified</pose>
		<truncated>0</truncated>
		<difficult>0</difficult>
		<bndbox>
			<xmin>613</xmin>
			<ymin>279</ymin>
			<xmax>740</xmax>
			<ymax>407</ymax>
		</bndbox>
	</object>
</annotation>
