<annotation>
	<folder>train</folder>
	<filename>glc75.jpg</filename>
	<path>C:\Users\Nisa\Desktop\Glaucoma Images\train\glc75.jpg</path>
	<source>
		<database>Unknown</database>
	</source>
	<size>
		<width>800</width>
		<height>600</height>
		<depth>3</depth>
	</size>
	<segmented>0</segmented>
	<object>
		<name>Optic Cup</name>
		<pose>Unspecified</pose>
		<truncated>0</truncated>
		<difficult>0</difficult>
		<bndbox>
			<xmin>151</xmin>
			<ymin>345</ymin>
			<xmax>205</xmax>
			<ymax>382</ymax>
		</bndbox>
	</object>
	<object>
		<name>Optic Disc</name>
		<pose>Unspecified</pose>
		<truncated>0</truncated>
		<difficult>0</difficult>
		<bndbox>
			<xmin>109</xmin>
			<ymin>314</ymin>
			<xmax>240</xmax>
			<ymax>420</ymax>
		</bndbox>
	</object>
</annotation>
