<annotation>
	<folder>train</folder>
	<filename>glc73.jpg</filename>
	<path>C:\Users\Nisa\Desktop\Glaucoma Images\train\glc73.jpg</path>
	<source>
		<database>Unknown</database>
	</source>
	<size>
		<width>800</width>
		<height>600</height>
		<depth>3</depth>
	</size>
	<segmented>0</segmented>
	<object>
		<name>Optic Cup</name>
		<pose>Unspecified</pose>
		<truncated>0</truncated>
		<difficult>0</difficult>
		<bndbox>
			<xmin>454</xmin>
			<ymin>219</ymin>
			<xmax>570</xmax>
			<ymax>337</ymax>
		</bndbox>
	</object>
	<object>
		<name>Optic Disc</name>
		<pose>Unspecified</pose>
		<truncated>0</truncated>
		<difficult>0</difficult>
		<bndbox>
			<xmin>438</xmin>
			<ymin>208</ymin>
			<xmax>584</xmax>
			<ymax>346</ymax>
		</bndbox>
	</object>
</annotation>
