<annotation>
	<folder>train</folder>
	<filename>glc72.jpg</filename>
	<path>C:\Users\Nisa\Desktop\Glaucoma Images\train\glc72.jpg</path>
	<source>
		<database>Unknown</database>
	</source>
	<size>
		<width>800</width>
		<height>600</height>
		<depth>3</depth>
	</size>
	<segmented>0</segmented>
	<object>
		<name>Optic Cup</name>
		<pose>Unspecified</pose>
		<truncated>0</truncated>
		<difficult>0</difficult>
		<bndbox>
			<xmin>640</xmin>
			<ymin>284</ymin>
			<xmax>696</xmax>
			<ymax>354</ymax>
		</bndbox>
	</object>
	<object>
		<name>Optic Disc</name>
		<pose>Unspecified</pose>
		<truncated>0</truncated>
		<difficult>0</difficult>
		<bndbox>
			<xmin>617</xmin>
			<ymin>254</ymin>
			<xmax>728</xmax>
			<ymax>382</ymax>
		</bndbox>
	</object>
</annotation>
