<annotation>
	<folder>train</folder>
	<filename>glc74.jpg</filename>
	<path>C:\Users\Nisa\Desktop\Glaucoma Images\train\glc74.jpg</path>
	<source>
		<database>Unknown</database>
	</source>
	<size>
		<width>800</width>
		<height>600</height>
		<depth>3</depth>
	</size>
	<segmented>0</segmented>
	<object>
		<name>Optic Cup</name>
		<pose>Unspecified</pose>
		<truncated>0</truncated>
		<difficult>0</difficult>
		<bndbox>
			<xmin>369</xmin>
			<ymin>215</ymin>
			<xmax>415</xmax>
			<ymax>266</ymax>
		</bndbox>
	</object>
	<object>
		<name>Optic Disc</name>
		<pose>Unspecified</pose>
		<truncated>0</truncated>
		<difficult>0</difficult>
		<bndbox>
			<xmin>332</xmin>
			<ymin>180</ymin>
			<xmax>441</xmax>
			<ymax>301</ymax>
		</bndbox>
	</object>
</annotation>
