<annotation>
	<folder>train</folder>
	<filename>glc76.jpg</filename>
	<path>C:\Users\Nisa\Desktop\Glaucoma Images\train\glc76.jpg</path>
	<source>
		<database>Unknown</database>
	</source>
	<size>
		<width>800</width>
		<height>600</height>
		<depth>3</depth>
	</size>
	<segmented>0</segmented>
	<object>
		<name>Optic Cup</name>
		<pose>Unspecified</pose>
		<truncated>0</truncated>
		<difficult>0</difficult>
		<bndbox>
			<xmin>498</xmin>
			<ymin>249</ymin>
			<xmax>574</xmax>
			<ymax>321</ymax>
		</bndbox>
	</object>
	<object>
		<name>Optic Disc</name>
		<pose>Unspecified</pose>
		<truncated>0</truncated>
		<difficult>0</difficult>
		<bndbox>
			<xmin>459</xmin>
			<ymin>228</ymin>
			<xmax>617</xmax>
			<ymax>363</ymax>
		</bndbox>
	</object>
</annotation>
