<annotation>
	<folder>train</folder>
	<filename>glc78.jpg</filename>
	<path>C:\Users\Nisa\Desktop\Glaucoma Images\train\glc78.jpg</path>
	<source>
		<database>Unknown</database>
	</source>
	<size>
		<width>800</width>
		<height>600</height>
		<depth>3</depth>
	</size>
	<segmented>0</segmented>
	<object>
		<name>Optic Cup</name>
		<pose>Unspecified</pose>
		<truncated>0</truncated>
		<difficult>0</difficult>
		<bndbox>
			<xmin>578</xmin>
			<ymin>342</ymin>
			<xmax>624</xmax>
			<ymax>386</ymax>
		</bndbox>
	</object>
	<object>
		<name>Optic Disc</name>
		<pose>Unspecified</pose>
		<truncated>0</truncated>
		<difficult>0</difficult>
		<bndbox>
			<xmin>553</xmin>
			<ymin>311</ymin>
			<xmax>659</xmax>
			<ymax>417</ymax>
		</bndbox>
	</object>
</annotation>
