<annotation>
	<folder>train</folder>
	<filename>glc85.jpg</filename>
	<path>C:\Users\Nisa\Desktop\Glaucoma Images\train\glc85.jpg</path>
	<source>
		<database>Unknown</database>
	</source>
	<size>
		<width>800</width>
		<height>600</height>
		<depth>3</depth>
	</size>
	<segmented>0</segmented>
	<object>
		<name>Optic Cup</name>
		<pose>Unspecified</pose>
		<truncated>0</truncated>
		<difficult>0</difficult>
		<bndbox>
			<xmin>232</xmin>
			<ymin>280</ymin>
			<xmax>302</xmax>
			<ymax>331</ymax>
		</bndbox>
	</object>
	<object>
		<name>Optic Disc</name>
		<pose>Unspecified</pose>
		<truncated>0</truncated>
		<difficult>0</difficult>
		<bndbox>
			<xmin>209</xmin>
			<ymin>248</ymin>
			<xmax>303</xmax>
			<ymax>367</ymax>
		</bndbox>
	</object>
</annotation>
