<annotation>
	<folder>train</folder>
	<filename>glc83.jpg</filename>
	<path>C:\Users\Nisa\Desktop\Glaucoma Images\train\glc83.jpg</path>
	<source>
		<database>Unknown</database>
	</source>
	<size>
		<width>800</width>
		<height>600</height>
		<depth>3</depth>
	</size>
	<segmented>0</segmented>
	<object>
		<name>Optic Cup</name>
		<pose>Unspecified</pose>
		<truncated>0</truncated>
		<difficult>0</difficult>
		<bndbox>
			<xmin>18</xmin>
			<ymin>234</ymin>
			<xmax>323</xmax>
			<ymax>514</ymax>
		</bndbox>
	</object>
	<object>
		<name>Optic Disc</name>
		<pose>Unspecified</pose>
		<truncated>1</truncated>
		<difficult>0</difficult>
		<bndbox>
			<xmin>1</xmin>
			<ymin>182</ymin>
			<xmax>327</xmax>
			<ymax>234</ymax>
		</bndbox>
	</object>
</annotation>
