<annotation>
	<folder>train</folder>
	<filename>glc89.jpg</filename>
	<path>C:\Users\Nisa\Desktop\Glaucoma Images\train\glc89.jpg</path>
	<source>
		<database>Unknown</database>
	</source>
	<size>
		<width>800</width>
		<height>600</height>
		<depth>3</depth>
	</size>
	<segmented>0</segmented>
	<object>
		<name>Optic Cup</name>
		<pose>Unspecified</pose>
		<truncated>0</truncated>
		<difficult>0</difficult>
		<bndbox>
			<xmin>619</xmin>
			<ymin>206</ymin>
			<xmax>677</xmax>
			<ymax>270</ymax>
		</bndbox>
	</object>
	<object>
		<name>Optic Disc</name>
		<pose>Unspecified</pose>
		<truncated>0</truncated>
		<difficult>0</difficult>
		<bndbox>
			<xmin>598</xmin>
			<ymin>184</ymin>
			<xmax>713</xmax>
			<ymax>297</ymax>
		</bndbox>
	</object>
</annotation>
