<annotation>
	<folder>train</folder>
	<filename>glc82.jpg</filename>
	<path>C:\Users\Nisa\Desktop\Glaucoma Images\train\glc82.jpg</path>
	<source>
		<database>Unknown</database>
	</source>
	<size>
		<width>800</width>
		<height>600</height>
		<depth>3</depth>
	</size>
	<segmented>0</segmented>
	<object>
		<name>Optic Cup</name>
		<pose>Unspecified</pose>
		<truncated>0</truncated>
		<difficult>0</difficult>
		<bndbox>
			<xmin>453</xmin>
			<ymin>373</ymin>
			<xmax>788</xmax>
			<ymax>599</ymax>
		</bndbox>
	</object>
	<object>
		<name>Optic Disc</name>
		<pose>Unspecified</pose>
		<truncated>0</truncated>
		<difficult>0</difficult>
		<bndbox>
			<xmin>507</xmin>
			<ymin>284</ymin>
			<xmax>776</xmax>
			<ymax>374</ymax>
		</bndbox>
	</object>
</annotation>
