<annotation>
	<folder>train</folder>
	<filename>glc80.jpg</filename>
	<path>C:\Users\Nisa\Desktop\Glaucoma Images\train\glc80.jpg</path>
	<source>
		<database>Unknown</database>
	</source>
	<size>
		<width>800</width>
		<height>600</height>
		<depth>3</depth>
	</size>
	<segmented>0</segmented>
	<object>
		<name>Optic Cup</name>
		<pose>Unspecified</pose>
		<truncated>0</truncated>
		<difficult>0</difficult>
		<bndbox>
			<xmin>636</xmin>
			<ymin>333</ymin>
			<xmax>689</xmax>
			<ymax>382</ymax>
		</bndbox>
	</object>
	<object>
		<name>Optic Disc</name>
		<pose>Unspecified</pose>
		<truncated>0</truncated>
		<difficult>0</difficult>
		<bndbox>
			<xmin>615</xmin>
			<ymin>314</ymin>
			<xmax>716</xmax>
			<ymax>409</ymax>
		</bndbox>
	</object>
</annotation>
