<annotation>
	<folder>train</folder>
	<filename>glc88.jpg</filename>
	<path>C:\Users\Nisa\Desktop\Glaucoma Images\train\glc88.jpg</path>
	<source>
		<database>Unknown</database>
	</source>
	<size>
		<width>800</width>
		<height>600</height>
		<depth>3</depth>
	</size>
	<segmented>0</segmented>
	<object>
		<name>Optic Cup</name>
		<pose>Unspecified</pose>
		<truncated>0</truncated>
		<difficult>0</difficult>
		<bndbox>
			<xmin>123</xmin>
			<ymin>300</ymin>
			<xmax>176</xmax>
			<ymax>349</ymax>
		</bndbox>
	</object>
	<object>
		<name>Optic Disc</name>
		<pose>Unspecified</pose>
		<truncated>0</truncated>
		<difficult>0</difficult>
		<bndbox>
			<xmin>79</xmin>
			<ymin>264</ymin>
			<xmax>193</xmax>
			<ymax>384</ymax>
		</bndbox>
	</object>
</annotation>
