<annotation>
	<folder>train</folder>
	<filename>glc87.jpg</filename>
	<path>C:\Users\Nisa\Desktop\Glaucoma Images\train\glc87.jpg</path>
	<source>
		<database>Unknown</database>
	</source>
	<size>
		<width>800</width>
		<height>600</height>
		<depth>3</depth>
	</size>
	<segmented>0</segmented>
	<object>
		<name>Optic Cup</name>
		<pose>Unspecified</pose>
		<truncated>0</truncated>
		<difficult>0</difficult>
		<bndbox>
			<xmin>332</xmin>
			<ymin>356</ymin>
			<xmax>412</xmax>
			<ymax>405</ymax>
		</bndbox>
	</object>
	<object>
		<name>Optic Disc</name>
		<pose>Unspecified</pose>
		<truncated>0</truncated>
		<difficult>0</difficult>
		<bndbox>
			<xmin>313</xmin>
			<ymin>325</ymin>
			<xmax>432</xmax>
			<ymax>429</ymax>
		</bndbox>
	</object>
</annotation>
