<annotation>
	<folder>train</folder>
	<filename>glc93.jpg</filename>
	<path>C:\Users\Nisa\Desktop\Glaucoma Images\train\glc93.jpg</path>
	<source>
		<database>Unknown</database>
	</source>
	<size>
		<width>800</width>
		<height>600</height>
		<depth>3</depth>
	</size>
	<segmented>0</segmented>
	<object>
		<name>Optic Cup</name>
		<pose>Unspecified</pose>
		<truncated>0</truncated>
		<difficult>0</difficult>
		<bndbox>
			<xmin>253</xmin>
			<ymin>304</ymin>
			<xmax>286</xmax>
			<ymax>345</ymax>
		</bndbox>
	</object>
	<object>
		<name>Optic Disc</name>
		<pose>Unspecified</pose>
		<truncated>0</truncated>
		<difficult>0</difficult>
		<bndbox>
			<xmin>205</xmin>
			<ymin>281</ymin>
			<xmax>311</xmax>
			<ymax>384</ymax>
		</bndbox>
	</object>
</annotation>
