<annotation>
	<folder>train</folder>
	<filename>glc95.jpg</filename>
	<path>C:\Users\Nisa\Desktop\Glaucoma Images\train\glc95.jpg</path>
	<source>
		<database>Unknown</database>
	</source>
	<size>
		<width>800</width>
		<height>600</height>
		<depth>3</depth>
	</size>
	<segmented>0</segmented>
	<object>
		<name>Optic Cup</name>
		<pose>Unspecified</pose>
		<truncated>0</truncated>
		<difficult>0</difficult>
		<bndbox>
			<xmin>287</xmin>
			<ymin>277</ymin>
			<xmax>398</xmax>
			<ymax>371</ymax>
		</bndbox>
	</object>
	<object>
		<name>Optic Disc</name>
		<pose>Unspecified</pose>
		<truncated>0</truncated>
		<difficult>0</difficult>
		<bndbox>
			<xmin>266</xmin>
			<ymin>255</ymin>
			<xmax>422</xmax>
			<ymax>395</ymax>
		</bndbox>
	</object>
</annotation>
