<annotation>
	<folder>train</folder>
	<filename>glc97.jpg</filename>
	<path>C:\Users\Nisa\Desktop\Glaucoma Images\train\glc97.jpg</path>
	<source>
		<database>Unknown</database>
	</source>
	<size>
		<width>800</width>
		<height>600</height>
		<depth>3</depth>
	</size>
	<segmented>0</segmented>
	<object>
		<name>Optic Cup</name>
		<pose>Unspecified</pose>
		<truncated>0</truncated>
		<difficult>0</difficult>
		<bndbox>
			<xmin>332</xmin>
			<ymin>216</ymin>
			<xmax>389</xmax>
			<ymax>292</ymax>
		</bndbox>
	</object>
	<object>
		<name>Optic Disc</name>
		<pose>Unspecified</pose>
		<truncated>0</truncated>
		<difficult>0</difficult>
		<bndbox>
			<xmin>276</xmin>
			<ymin>183</ymin>
			<xmax>431</xmax>
			<ymax>309</ymax>
		</bndbox>
	</object>
</annotation>
