<annotation>
	<folder>train</folder>
	<filename>glc98.jpg</filename>
	<path>C:\Users\Nisa\Desktop\Glaucoma Images\train\glc98.jpg</path>
	<source>
		<database>Unknown</database>
	</source>
	<size>
		<width>800</width>
		<height>600</height>
		<depth>3</depth>
	</size>
	<segmented>0</segmented>
	<object>
		<name>Optic Cup</name>
		<pose>Unspecified</pose>
		<truncated>0</truncated>
		<difficult>0</difficult>
		<bndbox>
			<xmin>546</xmin>
			<ymin>276</ymin>
			<xmax>609</xmax>
			<ymax>353</ymax>
		</bndbox>
	</object>
	<object>
		<name>Optic Disc</name>
		<pose>Unspecified</pose>
		<truncated>0</truncated>
		<difficult>0</difficult>
		<bndbox>
			<xmin>524</xmin>
			<ymin>260</ymin>
			<xmax>623</xmax>
			<ymax>374</ymax>
		</bndbox>
	</object>
</annotation>
