<annotation>
	<folder>train</folder>
	<filename>glc92.jpg</filename>
	<path>C:\Users\Nisa\Desktop\Glaucoma Images\train\glc92.jpg</path>
	<source>
		<database>Unknown</database>
	</source>
	<size>
		<width>800</width>
		<height>600</height>
		<depth>3</depth>
	</size>
	<segmented>0</segmented>
	<object>
		<name>Optic Cup</name>
		<pose>Unspecified</pose>
		<truncated>0</truncated>
		<difficult>0</difficult>
		<bndbox>
			<xmin>366</xmin>
			<ymin>221</ymin>
			<xmax>426</xmax>
			<ymax>292</ymax>
		</bndbox>
	</object>
	<object>
		<name>Optic Disc</name>
		<pose>Unspecified</pose>
		<truncated>0</truncated>
		<difficult>0</difficult>
		<bndbox>
			<xmin>338</xmin>
			<ymin>197</ymin>
			<xmax>470</xmax>
			<ymax>316</ymax>
		</bndbox>
	</object>
</annotation>
