<annotation>
	<folder>train</folder>
	<filename>glc91.jpg</filename>
	<path>C:\Users\Nisa\Desktop\Glaucoma Images\train\glc91.jpg</path>
	<source>
		<database>Unknown</database>
	</source>
	<size>
		<width>800</width>
		<height>600</height>
		<depth>3</depth>
	</size>
	<segmented>0</segmented>
	<object>
		<name>Optic Cup</name>
		<pose>Unspecified</pose>
		<truncated>0</truncated>
		<difficult>0</difficult>
		<bndbox>
			<xmin>98</xmin>
			<ymin>340</ymin>
			<xmax>152</xmax>
			<ymax>398</ymax>
		</bndbox>
	</object>
	<object>
		<name>Optic Disc</name>
		<pose>Unspecified</pose>
		<truncated>0</truncated>
		<difficult>0</difficult>
		<bndbox>
			<xmin>73</xmin>
			<ymin>316</ymin>
			<xmax>178</xmax>
			<ymax>429</ymax>
		</bndbox>
	</object>
</annotation>
