<annotation>
	<folder>train</folder>
	<filename>glc96.jpg</filename>
	<path>C:\Users\Nisa\Desktop\Glaucoma Images\train\glc96.jpg</path>
	<source>
		<database>Unknown</database>
	</source>
	<size>
		<width>800</width>
		<height>600</height>
		<depth>3</depth>
	</size>
	<segmented>0</segmented>
	<object>
		<name>Optic Cup</name>
		<pose>Unspecified</pose>
		<truncated>0</truncated>
		<difficult>0</difficult>
		<bndbox>
			<xmin>333</xmin>
			<ymin>212</ymin>
			<xmax>393</xmax>
			<ymax>287</ymax>
		</bndbox>
	</object>
	<object>
		<name>Optic Disc</name>
		<pose>Unspecified</pose>
		<truncated>0</truncated>
		<difficult>0</difficult>
		<bndbox>
			<xmin>282</xmin>
			<ymin>185</ymin>
			<xmax>426</xmax>
			<ymax>315</ymax>
		</bndbox>
	</object>
</annotation>
