<annotation>
	<folder>train</folder>
	<filename>glc94.jpg</filename>
	<path>C:\Users\Nisa\Desktop\Glaucoma Images\train\glc94.jpg</path>
	<source>
		<database>Unknown</database>
	</source>
	<size>
		<width>800</width>
		<height>600</height>
		<depth>3</depth>
	</size>
	<segmented>0</segmented>
	<object>
		<name>Optic Cup</name>
		<pose>Unspecified</pose>
		<truncated>0</truncated>
		<difficult>0</difficult>
		<bndbox>
			<xmin>123</xmin>
			<ymin>322</ymin>
			<xmax>190</xmax>
			<ymax>387</ymax>
		</bndbox>
	</object>
	<object>
		<name>Optic Disc</name>
		<pose>Unspecified</pose>
		<truncated>0</truncated>
		<difficult>0</difficult>
		<bndbox>
			<xmin>93</xmin>
			<ymin>297</ymin>
			<xmax>210</xmax>
			<ymax>414</ymax>
		</bndbox>
	</object>
</annotation>
